Артикул;Бренд;Модель;Ширина;Висота;Радіус;Індекс Навантаження;Індекс Швидкості;Ціна;Фото
14763;Roadsrone;CLASSE PREMIERE CP321;195;70;15;104/102;S;$ 35,62;https://drive.google.com/file/d/1lzS6hWVI2KI1Vk0_sJnMG6yQ3d5Y9HcP/view, https://drive.google.com/file/d/1T4zadx2ByG_mihOXzCKCm-1EMT-GfbEr/view, https://drive.google.com/file/d/1YUKOZsupjTn-4dtwLTy7XAsGLlg9v5Mm/view, https://drive.google.com/file/d/1OpeirhYbuoJxg39gu9Qgp0xn7pcSX2CN/view
10697;Roadsrone;CLASSE PREMIERE CP321;195;75;16;110/108;Q;$ 45,56;https://drive.google.com/file/d/1lzS6hWVI2KI1Vk0_sJnMG6yQ3d5Y9HcP/view, https://drive.google.com/file/d/1T4zadx2ByG_mihOXzCKCm-1EMT-GfbEr/view, https://drive.google.com/file/d/1YUKOZsupjTn-4dtwLTy7XAsGLlg9v5Mm/view, https://drive.google.com/file/d/1OpeirhYbuoJxg39gu9Qgp0xn7pcSX2CN/view
11010;Roadsrone;CLASSE PREMIERE CP661;175;70;19;84;T;3500;https://drive.google.com/file/d/1AsoIQ1ziT1EZZtz39Z2_xD2A1r4wKRSm/view, https://drive.google.com/file/d/12Kk9RUfu5YVGZPa7TOWdkXDv3B-cyqyI/view, https://drive.google.com/file/d/1hsNbim3qs_YPAuAn6vqio_RRNN8BP9zq/view, https://drive.google.com/file/d/1_ks36rB1jeXQrd0GHZek_ujJbX4n48nB/view
16287;Roadsrone;CLASSE PREMIERE CP661;225;70;16;103;T;$ 49,00;https://drive.google.com/file/d/1AsoIQ1ziT1EZZtz39Z2_xD2A1r4wKRSm/view, https://drive.google.com/file/d/12Kk9RUfu5YVGZPa7TOWdkXDv3B-cyqyI/view, https://drive.google.com/file/d/1hsNbim3qs_YPAuAn6vqio_RRNN8BP9zq/view, https://drive.google.com/file/d/1_ks36rB1jeXQrd0GHZek_ujJbX4n48nB/view
16288;Roadsrone;CLASSE PREMIERE CP661;215;70;15;98;T;$ 40,73;https://drive.google.com/file/d/1AsoIQ1ziT1EZZtz39Z2_xD2A1r4wKRSm/view, https://drive.google.com/file/d/12Kk9RUfu5YVGZPa7TOWdkXDv3B-cyqyI/view, https://drive.google.com/file/d/1hsNbim3qs_YPAuAn6vqio_RRNN8BP9zq/view, https://drive.google.com/file/d/1_ks36rB1jeXQrd0GHZek_ujJbX4n48nB/view
16289;Roadsrone;CLASSE PREMIERE CP661;205;70;15;96;T;$ 37,76;https://drive.google.com/file/d/1AsoIQ1ziT1EZZtz39Z2_xD2A1r4wKRSm/view, https://drive.google.com/file/d/12Kk9RUfu5YVGZPa7TOWdkXDv3B-cyqyI/view, https://drive.google.com/file/d/1hsNbim3qs_YPAuAn6vqio_RRNN8BP9zq/view, https://drive.google.com/file/d/1_ks36rB1jeXQrd0GHZek_ujJbX4n48nB/view
11787;Roadsrone;CLASSE PREMIERE CP661;205;70;14;98;T;$ 35,02;https://drive.google.com/file/d/1AsoIQ1ziT1EZZtz39Z2_xD2A1r4wKRSm/view, https://drive.google.com/file/d/12Kk9RUfu5YVGZPa7TOWdkXDv3B-cyqyI/view, https://drive.google.com/file/d/1hsNbim3qs_YPAuAn6vqio_RRNN8BP9zq/view, https://drive.google.com/file/d/1_ks36rB1jeXQrd0GHZek_ujJbX4n48nB/view
14517;Roadsrone;CLASSE PREMIERE CP661;195;70;14;91;T;$ 34,40;https://drive.google.com/file/d/1AsoIQ1ziT1EZZtz39Z2_xD2A1r4wKRSm/view, https://drive.google.com/file/d/12Kk9RUfu5YVGZPa7TOWdkXDv3B-cyqyI/view, https://drive.google.com/file/d/1hsNbim3qs_YPAuAn6vqio_RRNN8BP9zq/view, https://drive.google.com/file/d/1_ks36rB1jeXQrd0GHZek_ujJbX4n48nB/view
14516;Roadsrone;CLASSE PREMIERE CP661;185;70;14;88;T;$ 31,65;https://drive.google.com/file/d/1AsoIQ1ziT1EZZtz39Z2_xD2A1r4wKRSm/view, https://drive.google.com/file/d/12Kk9RUfu5YVGZPa7TOWdkXDv3B-cyqyI/view, https://drive.google.com/file/d/1hsNbim3qs_YPAuAn6vqio_RRNN8BP9zq/view, https://drive.google.com/file/d/1_ks36rB1jeXQrd0GHZek_ujJbX4n48nB/view
14514;Roadsrone;CLASSE PREMIERE CP661;175;70;14;84;T;$ 26,95;https://drive.google.com/file/d/1AsoIQ1ziT1EZZtz39Z2_xD2A1r4wKRSm/view, https://drive.google.com/file/d/12Kk9RUfu5YVGZPa7TOWdkXDv3B-cyqyI/view, https://drive.google.com/file/d/1hsNbim3qs_YPAuAn6vqio_RRNN8BP9zq/view, https://drive.google.com/file/d/1_ks36rB1jeXQrd0GHZek_ujJbX4n48nB/view
11409;Roadsrone;CLASSE PREMIERE CP672;235;45;18;98;V;$ 67,24;https://drive.google.com/file/d/10uKCSO7muBEzJ7fZVhjIUq1ilJylUS5u/view, https://drive.google.com/file/d/1_IbkPH2ArEl3aDUiVqHeFKhaX8V1rPzL/view, https://drive.google.com/file/d/19fBODn38s8FlWJmSz81bOi6byX-WGSeo/view,https://drive.google.com/file/d/17yI-19ngitSBSDuj6meVn5Vcq1DdNpzZ/view
12934;Roadsrone;CLASSE PREMIERE CP672;225;50;18;94;V;$ 70,53;https://drive.google.com/file/d/10uKCSO7muBEzJ7fZVhjIUq1ilJylUS5u/view, https://drive.google.com/file/d/1_IbkPH2ArEl3aDUiVqHeFKhaX8V1rPzL/view, https://drive.google.com/file/d/19fBODn38s8FlWJmSz81bOi6byX-WGSeo/view,https://drive.google.com/file/d/17yI-19ngitSBSDuj6meVn5Vcq1DdNpzZ/view
12960;Roadsrone;CLASSE PREMIERE CP672;235;55;17;99;H;$ 54,75;https://drive.google.com/file/d/10uKCSO7muBEzJ7fZVhjIUq1ilJylUS5u/view, https://drive.google.com/file/d/1_IbkPH2ArEl3aDUiVqHeFKhaX8V1rPzL/view, https://drive.google.com/file/d/19fBODn38s8FlWJmSz81bOi6byX-WGSeo/view,https://drive.google.com/file/d/17yI-19ngitSBSDuj6meVn5Vcq1DdNpzZ/view
12945;Roadsrone;CLASSE PREMIERE CP672;215;55;17;94;V;$ 53,82;https://drive.google.com/file/d/10uKCSO7muBEzJ7fZVhjIUq1ilJylUS5u/view, https://drive.google.com/file/d/1_IbkPH2ArEl3aDUiVqHeFKhaX8V1rPzL/view, https://drive.google.com/file/d/19fBODn38s8FlWJmSz81bOi6byX-WGSeo/view,https://drive.google.com/file/d/17yI-19ngitSBSDuj6meVn5Vcq1DdNpzZ/view
12941;Roadsrone;CLASSE PREMIERE CP672;205;55;16;91;V;$ 29,32;https://drive.google.com/file/d/10uKCSO7muBEzJ7fZVhjIUq1ilJylUS5u/view, https://drive.google.com/file/d/1_IbkPH2ArEl3aDUiVqHeFKhaX8V1rPzL/view, https://drive.google.com/file/d/19fBODn38s8FlWJmSz81bOi6byX-WGSeo/view,https://drive.google.com/file/d/17yI-19ngitSBSDuj6meVn5Vcq1DdNpzZ/view
12940;Roadsrone;CLASSE PREMIERE CP672;195;55;16;87;V;$ 39,58;https://drive.google.com/file/d/10uKCSO7muBEzJ7fZVhjIUq1ilJylUS5u/view, https://drive.google.com/file/d/1_IbkPH2ArEl3aDUiVqHeFKhaX8V1rPzL/view, https://drive.google.com/file/d/19fBODn38s8FlWJmSz81bOi6byX-WGSeo/view,https://drive.google.com/file/d/17yI-19ngitSBSDuj6meVn5Vcq1DdNpzZ/view
11407;Roadsrone;CLASSE PREMIERE CP672;225;60;17;98;H;$ 49,33;https://drive.google.com/file/d/10uKCSO7muBEzJ7fZVhjIUq1ilJylUS5u/view, https://drive.google.com/file/d/1_IbkPH2ArEl3aDUiVqHeFKhaX8V1rPzL/view, https://drive.google.com/file/d/19fBODn38s8FlWJmSz81bOi6byX-WGSeo/view,https://drive.google.com/file/d/17yI-19ngitSBSDuj6meVn5Vcq1DdNpzZ/view
11207;Roadsrone;CLASSE PREMIERE CP672;215;60;17;96;H;$ 49,80;https://drive.google.com/file/d/10uKCSO7muBEzJ7fZVhjIUq1ilJylUS5u/view, https://drive.google.com/file/d/1_IbkPH2ArEl3aDUiVqHeFKhaX8V1rPzL/view, https://drive.google.com/file/d/19fBODn38s8FlWJmSz81bOi6byX-WGSeo/view,https://drive.google.com/file/d/17yI-19ngitSBSDuj6meVn5Vcq1DdNpzZ/view
12952;Roadsrone;CLASSE PREMIERE CP672;215;60;16;95;H;$ 46,05;https://drive.google.com/file/d/10uKCSO7muBEzJ7fZVhjIUq1ilJylUS5u/view, https://drive.google.com/file/d/1_IbkPH2ArEl3aDUiVqHeFKhaX8V1rPzL/view, https://drive.google.com/file/d/19fBODn38s8FlWJmSz81bOi6byX-WGSeo/view,https://drive.google.com/file/d/17yI-19ngitSBSDuj6meVn5Vcq1DdNpzZ/view
12949;Roadsrone;CLASSE PREMIERE CP672;205;60;16;92;H;$ 38,81;https://drive.google.com/file/d/10uKCSO7muBEzJ7fZVhjIUq1ilJylUS5u/view, https://drive.google.com/file/d/1_IbkPH2ArEl3aDUiVqHeFKhaX8V1rPzL/view, https://drive.google.com/file/d/19fBODn38s8FlWJmSz81bOi6byX-WGSeo/view,https://drive.google.com/file/d/17yI-19ngitSBSDuj6meVn5Vcq1DdNpzZ/view
11049;Roadsrone;CLASSE PREMIERE CP672;215;60;15;94;H;$ 34,58;https://drive.google.com/file/d/10uKCSO7muBEzJ7fZVhjIUq1ilJylUS5u/view, https://drive.google.com/file/d/1_IbkPH2ArEl3aDUiVqHeFKhaX8V1rPzL/view, https://drive.google.com/file/d/19fBODn38s8FlWJmSz81bOi6byX-WGSeo/view,https://drive.google.com/file/d/17yI-19ngitSBSDuj6meVn5Vcq1DdNpzZ/view
16294;Roadsrone;CLASSE PREMIERE CP672;185;60;15;84;H;$ 28,92;https://drive.google.com/file/d/10uKCSO7muBEzJ7fZVhjIUq1ilJylUS5u/view, https://drive.google.com/file/d/1_IbkPH2ArEl3aDUiVqHeFKhaX8V1rPzL/view, https://drive.google.com/file/d/19fBODn38s8FlWJmSz81bOi6byX-WGSeo/view,https://drive.google.com/file/d/17yI-19ngitSBSDuj6meVn5Vcq1DdNpzZ/view
12939;Roadsrone;CLASSE PREMIERE CP672;185;60;14;82;H;$ 26,19;https://drive.google.com/file/d/10uKCSO7muBEzJ7fZVhjIUq1ilJylUS5u/view, https://drive.google.com/file/d/1_IbkPH2ArEl3aDUiVqHeFKhaX8V1rPzL/view, https://drive.google.com/file/d/19fBODn38s8FlWJmSz81bOi6byX-WGSeo/view,https://drive.google.com/file/d/17yI-19ngitSBSDuj6meVn5Vcq1DdNpzZ/view
11060;Roadsrone;CLASSE PREMIERE CP672;215;65;16;98;H;$ 43,24;https://drive.google.com/file/d/10uKCSO7muBEzJ7fZVhjIUq1ilJylUS5u/view, https://drive.google.com/file/d/1_IbkPH2ArEl3aDUiVqHeFKhaX8V1rPzL/view, https://drive.google.com/file/d/19fBODn38s8FlWJmSz81bOi6byX-WGSeo/view,https://drive.google.com/file/d/17yI-19ngitSBSDuj6meVn5Vcq1DdNpzZ/view
11208;Roadsrone;CLASSE PREMIERE CP672;205;65;16;95;H;$ 44,76;https://drive.google.com/file/d/10uKCSO7muBEzJ7fZVhjIUq1ilJylUS5u/view, https://drive.google.com/file/d/1_IbkPH2ArEl3aDUiVqHeFKhaX8V1rPzL/view, https://drive.google.com/file/d/19fBODn38s8FlWJmSz81bOi6byX-WGSeo/view,https://drive.google.com/file/d/17yI-19ngitSBSDuj6meVn5Vcq1DdNpzZ/view
12961;Roadsrone;CLASSE PREMIERE CP672;205;65;15;94;H;$ 36,15;https://drive.google.com/file/d/10uKCSO7muBEzJ7fZVhjIUq1ilJylUS5u/view, https://drive.google.com/file/d/1_IbkPH2ArEl3aDUiVqHeFKhaX8V1rPzL/view, https://drive.google.com/file/d/19fBODn38s8FlWJmSz81bOi6byX-WGSeo/view,https://drive.google.com/file/d/17yI-19ngitSBSDuj6meVn5Vcq1DdNpzZ/view
11058;Roadsrone;CLASSE PREMIERE CP672;195;65;15;91;H;$ 26,51;https://drive.google.com/file/d/10uKCSO7muBEzJ7fZVhjIUq1ilJylUS5u/view, https://drive.google.com/file/d/1_IbkPH2ArEl3aDUiVqHeFKhaX8V1rPzL/view, https://drive.google.com/file/d/19fBODn38s8FlWJmSz81bOi6byX-WGSeo/view,https://drive.google.com/file/d/17yI-19ngitSBSDuj6meVn5Vcq1DdNpzZ/view
12957;Roadsrone;CLASSE PREMIERE CP672;185;65;15;88;H;$ 28,12;https://drive.google.com/file/d/10uKCSO7muBEzJ7fZVhjIUq1ilJylUS5u/view, https://drive.google.com/file/d/1_IbkPH2ArEl3aDUiVqHeFKhaX8V1rPzL/view, https://drive.google.com/file/d/19fBODn38s8FlWJmSz81bOi6byX-WGSeo/view,https://drive.google.com/file/d/17yI-19ngitSBSDuj6meVn5Vcq1DdNpzZ/view
16296;Roadsrone;CLASSE PREMIERE CP672;185;65;14;86;H;$ 30,34;https://drive.google.com/file/d/10uKCSO7muBEzJ7fZVhjIUq1ilJylUS5u/view, https://drive.google.com/file/d/1_IbkPH2ArEl3aDUiVqHeFKhaX8V1rPzL/view, https://drive.google.com/file/d/19fBODn38s8FlWJmSz81bOi6byX-WGSeo/view,https://drive.google.com/file/d/17yI-19ngitSBSDuj6meVn5Vcq1DdNpzZ/view
14480;Roadsrone;N5000 Plus;245;35;20;95;W;$ 98,40;https://drive.google.com/file/d/1PtzRJwfHJYDC1Iz6MBCiIA2O_PNc9Xkz/view, https://drive.google.com/file/d/1emf415VoVDXcwHb6Ke7QlMJQIX6u3Ie4/view, https://drive.google.com/file/d/1s4lGfTKJX5n3N_HgF7iU7WNSPqTfugQR/view, https://drive.google.com/file/d/1diQw9uQnKl7AshCU_UKwO-OpdwY7rPDK/view
14486;Roadsrone;N5000 Plus;245;40;19;98;W;$ 83,54;https://drive.google.com/file/d/1PtzRJwfHJYDC1Iz6MBCiIA2O_PNc9Xkz/view, https://drive.google.com/file/d/1emf415VoVDXcwHb6Ke7QlMJQIX6u3Ie4/view, https://drive.google.com/file/d/1s4lGfTKJX5n3N_HgF7iU7WNSPqTfugQR/view, https://drive.google.com/file/d/1diQw9uQnKl7AshCU_UKwO-OpdwY7rPDK/view
15591;Roadsrone;N5000 Plus;245;40;18;97;H;$ 64,26;https://drive.google.com/file/d/1PtzRJwfHJYDC1Iz6MBCiIA2O_PNc9Xkz/view, https://drive.google.com/file/d/1emf415VoVDXcwHb6Ke7QlMJQIX6u3Ie4/view, https://drive.google.com/file/d/1s4lGfTKJX5n3N_HgF7iU7WNSPqTfugQR/view, https://drive.google.com/file/d/1diQw9uQnKl7AshCU_UKwO-OpdwY7rPDK/view
15590;Roadsrone;N5000 Plus;235;40;18;95;H;$ 59,44;https://drive.google.com/file/d/1PtzRJwfHJYDC1Iz6MBCiIA2O_PNc9Xkz/view, https://drive.google.com/file/d/1emf415VoVDXcwHb6Ke7QlMJQIX6u3Ie4/view, https://drive.google.com/file/d/1s4lGfTKJX5n3N_HgF7iU7WNSPqTfugQR/view, https://drive.google.com/file/d/1diQw9uQnKl7AshCU_UKwO-OpdwY7rPDK/view
15589;Roadsrone;N5000 Plus;225;40;18;88;H;$ 46,59;https://drive.google.com/file/d/1PtzRJwfHJYDC1Iz6MBCiIA2O_PNc9Xkz/view, https://drive.google.com/file/d/1emf415VoVDXcwHb6Ke7QlMJQIX6u3Ie4/view, https://drive.google.com/file/d/1s4lGfTKJX5n3N_HgF7iU7WNSPqTfugQR/view, https://drive.google.com/file/d/1diQw9uQnKl7AshCU_UKwO-OpdwY7rPDK/view
15578;Roadsrone;N5000 Plus;205;40;17;80;H;$ 43,38;https://drive.google.com/file/d/1PtzRJwfHJYDC1Iz6MBCiIA2O_PNc9Xkz/view, https://drive.google.com/file/d/1emf415VoVDXcwHb6Ke7QlMJQIX6u3Ie4/view, https://drive.google.com/file/d/1s4lGfTKJX5n3N_HgF7iU7WNSPqTfugQR/view, https://drive.google.com/file/d/1diQw9uQnKl7AshCU_UKwO-OpdwY7rPDK/view
14488;Roadsrone;N5000 Plus;245;45;20;103;W;$ 110,45;https://drive.google.com/file/d/1PtzRJwfHJYDC1Iz6MBCiIA2O_PNc9Xkz/view, https://drive.google.com/file/d/1emf415VoVDXcwHb6Ke7QlMJQIX6u3Ie4/view, https://drive.google.com/file/d/1s4lGfTKJX5n3N_HgF7iU7WNSPqTfugQR/view, https://drive.google.com/file/d/1diQw9uQnKl7AshCU_UKwO-OpdwY7rPDK/view
15587;Roadsrone;N5000 Plus;235;45;18;94;V;$ 63,86;https://drive.google.com/file/d/1PtzRJwfHJYDC1Iz6MBCiIA2O_PNc9Xkz/view, https://drive.google.com/file/d/1emf415VoVDXcwHb6Ke7QlMJQIX6u3Ie4/view, https://drive.google.com/file/d/1s4lGfTKJX5n3N_HgF7iU7WNSPqTfugQR/view, https://drive.google.com/file/d/1diQw9uQnKl7AshCU_UKwO-OpdwY7rPDK/view
14483;Roadsrone;N5000 Plus;225;45;18;95;W;$ 61,45;https://drive.google.com/file/d/1PtzRJwfHJYDC1Iz6MBCiIA2O_PNc9Xkz/view, https://drive.google.com/file/d/1emf415VoVDXcwHb6Ke7QlMJQIX6u3Ie4/view, https://drive.google.com/file/d/1s4lGfTKJX5n3N_HgF7iU7WNSPqTfugQR/view, https://drive.google.com/file/d/1diQw9uQnKl7AshCU_UKwO-OpdwY7rPDK/view
15586;Roadsrone;N5000 Plus;215;45;18;93;V;$ 69,88;https://drive.google.com/file/d/1PtzRJwfHJYDC1Iz6MBCiIA2O_PNc9Xkz/view, https://drive.google.com/file/d/1emf415VoVDXcwHb6Ke7QlMJQIX6u3Ie4/view, https://drive.google.com/file/d/1s4lGfTKJX5n3N_HgF7iU7WNSPqTfugQR/view, https://drive.google.com/file/d/1diQw9uQnKl7AshCU_UKwO-OpdwY7rPDK/view
15577;Roadsrone;N5000 Plus;245;45;17;95;H;$ 63,46;https://drive.google.com/file/d/1PtzRJwfHJYDC1Iz6MBCiIA2O_PNc9Xkz/view, https://drive.google.com/file/d/1emf415VoVDXcwHb6Ke7QlMJQIX6u3Ie4/view, https://drive.google.com/file/d/1s4lGfTKJX5n3N_HgF7iU7WNSPqTfugQR/view, https://drive.google.com/file/d/1diQw9uQnKl7AshCU_UKwO-OpdwY7rPDK/view
15576;Roadsrone;N5000 Plus;235;45;17;94;H;$ 46,99;https://drive.google.com/file/d/1PtzRJwfHJYDC1Iz6MBCiIA2O_PNc9Xkz/view, https://drive.google.com/file/d/1emf415VoVDXcwHb6Ke7QlMJQIX6u3Ie4/view, https://drive.google.com/file/d/1s4lGfTKJX5n3N_HgF7iU7WNSPqTfugQR/view, https://drive.google.com/file/d/1diQw9uQnKl7AshCU_UKwO-OpdwY7rPDK/view
15575;Roadsrone;N5000 Plus;225;45;17;91;H;$ 40,56;https://drive.google.com/file/d/1PtzRJwfHJYDC1Iz6MBCiIA2O_PNc9Xkz/view, https://drive.google.com/file/d/1emf415VoVDXcwHb6Ke7QlMJQIX6u3Ie4/view, https://drive.google.com/file/d/1s4lGfTKJX5n3N_HgF7iU7WNSPqTfugQR/view, https://drive.google.com/file/d/1diQw9uQnKl7AshCU_UKwO-OpdwY7rPDK/view
15574;Roadsrone;N5000 Plus;215;45;17;87;H;$ 45,78;https://drive.google.com/file/d/1PtzRJwfHJYDC1Iz6MBCiIA2O_PNc9Xkz/view, https://drive.google.com/file/d/1emf415VoVDXcwHb6Ke7QlMJQIX6u3Ie4/view, https://drive.google.com/file/d/1s4lGfTKJX5n3N_HgF7iU7WNSPqTfugQR/view, https://drive.google.com/file/d/1diQw9uQnKl7AshCU_UKwO-OpdwY7rPDK/view
15573;Roadsrone;N5000 Plus;205;45;17;88;V;$ 48,19;https://drive.google.com/file/d/1PtzRJwfHJYDC1Iz6MBCiIA2O_PNc9Xkz/view, https://drive.google.com/file/d/1emf415VoVDXcwHb6Ke7QlMJQIX6u3Ie4/view, https://drive.google.com/file/d/1s4lGfTKJX5n3N_HgF7iU7WNSPqTfugQR/view, https://drive.google.com/file/d/1diQw9uQnKl7AshCU_UKwO-OpdwY7rPDK/view
15584;Roadsrone;N5000 Plus;235;50;18;97;V;$ 74,71;https://drive.google.com/file/d/1PtzRJwfHJYDC1Iz6MBCiIA2O_PNc9Xkz/view, https://drive.google.com/file/d/1emf415VoVDXcwHb6Ke7QlMJQIX6u3Ie4/view, https://drive.google.com/file/d/1s4lGfTKJX5n3N_HgF7iU7WNSPqTfugQR/view, https://drive.google.com/file/d/1diQw9uQnKl7AshCU_UKwO-OpdwY7rPDK/view
15583;Roadsrone;N5000 Plus;225;50;18;95;H;$ 70,53;https://drive.google.com/file/d/1PtzRJwfHJYDC1Iz6MBCiIA2O_PNc9Xkz/view, https://drive.google.com/file/d/1emf415VoVDXcwHb6Ke7QlMJQIX6u3Ie4/view, https://drive.google.com/file/d/1s4lGfTKJX5n3N_HgF7iU7WNSPqTfugQR/view, https://drive.google.com/file/d/1diQw9uQnKl7AshCU_UKwO-OpdwY7rPDK/view
15571;Roadsrone;N5000 Plus;225;50;17;94;H;$ 51,31;https://drive.google.com/file/d/1PtzRJwfHJYDC1Iz6MBCiIA2O_PNc9Xkz/view, https://drive.google.com/file/d/1emf415VoVDXcwHb6Ke7QlMJQIX6u3Ie4/view, https://drive.google.com/file/d/1s4lGfTKJX5n3N_HgF7iU7WNSPqTfugQR/view, https://drive.google.com/file/d/1diQw9uQnKl7AshCU_UKwO-OpdwY7rPDK/view
15570;Roadsrone;N5000 Plus;215;50;17;95;V;$ 53,42;https://drive.google.com/file/d/1PtzRJwfHJYDC1Iz6MBCiIA2O_PNc9Xkz/view, https://drive.google.com/file/d/1emf415VoVDXcwHb6Ke7QlMJQIX6u3Ie4/view, https://drive.google.com/file/d/1s4lGfTKJX5n3N_HgF7iU7WNSPqTfugQR/view, https://drive.google.com/file/d/1diQw9uQnKl7AshCU_UKwO-OpdwY7rPDK/view
15561;Roadsrone;N5000 Plus;205;50;16;87;H;$ 42,97;https://drive.google.com/file/d/1PtzRJwfHJYDC1Iz6MBCiIA2O_PNc9Xkz/view, https://drive.google.com/file/d/1emf415VoVDXcwHb6Ke7QlMJQIX6u3Ie4/view, https://drive.google.com/file/d/1s4lGfTKJX5n3N_HgF7iU7WNSPqTfugQR/view, https://drive.google.com/file/d/1diQw9uQnKl7AshCU_UKwO-OpdwY7rPDK/view
15560;Roadsrone;N5000 Plus;195;50;16;84;V;$ 41,36;https://drive.google.com/file/d/1PtzRJwfHJYDC1Iz6MBCiIA2O_PNc9Xkz/view, https://drive.google.com/file/d/1emf415VoVDXcwHb6Ke7QlMJQIX6u3Ie4/view, https://drive.google.com/file/d/1s4lGfTKJX5n3N_HgF7iU7WNSPqTfugQR/view, https://drive.google.com/file/d/1diQw9uQnKl7AshCU_UKwO-OpdwY7rPDK/view
15592;Roadsrone;N5000 Plus;235;55;19;101;H;$ 68,68;https://drive.google.com/file/d/1PtzRJwfHJYDC1Iz6MBCiIA2O_PNc9Xkz/view, https://drive.google.com/file/d/1emf415VoVDXcwHb6Ke7QlMJQIX6u3Ie4/view, https://drive.google.com/file/d/1s4lGfTKJX5n3N_HgF7iU7WNSPqTfugQR/view, https://drive.google.com/file/d/1diQw9uQnKl7AshCU_UKwO-OpdwY7rPDK/view
15582;Roadsrone;N5000 Plus;225;55;18;98;H;$ 62,71;https://drive.google.com/file/d/1PtzRJwfHJYDC1Iz6MBCiIA2O_PNc9Xkz/view, https://drive.google.com/file/d/1emf415VoVDXcwHb6Ke7QlMJQIX6u3Ie4/view, https://drive.google.com/file/d/1s4lGfTKJX5n3N_HgF7iU7WNSPqTfugQR/view, https://drive.google.com/file/d/1diQw9uQnKl7AshCU_UKwO-OpdwY7rPDK/view
15581;Roadsrone;N5000 Plus;215;55;18;95;H;$ 58,64;https://drive.google.com/file/d/1PtzRJwfHJYDC1Iz6MBCiIA2O_PNc9Xkz/view, https://drive.google.com/file/d/1emf415VoVDXcwHb6Ke7QlMJQIX6u3Ie4/view, https://drive.google.com/file/d/1s4lGfTKJX5n3N_HgF7iU7WNSPqTfugQR/view, https://drive.google.com/file/d/1diQw9uQnKl7AshCU_UKwO-OpdwY7rPDK/view
15568;Roadsrone;N5000 Plus;235;55;17;99;H;$ 64,66;https://drive.google.com/file/d/1PtzRJwfHJYDC1Iz6MBCiIA2O_PNc9Xkz/view, https://drive.google.com/file/d/1emf415VoVDXcwHb6Ke7QlMJQIX6u3Ie4/view, https://drive.google.com/file/d/1s4lGfTKJX5n3N_HgF7iU7WNSPqTfugQR/view, https://drive.google.com/file/d/1diQw9uQnKl7AshCU_UKwO-OpdwY7rPDK/view
15567;Roadsrone;N5000 Plus;225;55;17;101;V;$ 56,63;https://drive.google.com/file/d/1PtzRJwfHJYDC1Iz6MBCiIA2O_PNc9Xkz/view, https://drive.google.com/file/d/1emf415VoVDXcwHb6Ke7QlMJQIX6u3Ie4/view, https://drive.google.com/file/d/1s4lGfTKJX5n3N_HgF7iU7WNSPqTfugQR/view, https://drive.google.com/file/d/1diQw9uQnKl7AshCU_UKwO-OpdwY7rPDK/view
15566;Roadsrone;N5000 Plus;215;55;17;94;V;$ 53,82;https://drive.google.com/file/d/1PtzRJwfHJYDC1Iz6MBCiIA2O_PNc9Xkz/view, https://drive.google.com/file/d/1emf415VoVDXcwHb6Ke7QlMJQIX6u3Ie4/view, https://drive.google.com/file/d/1s4lGfTKJX5n3N_HgF7iU7WNSPqTfugQR/view, https://drive.google.com/file/d/1diQw9uQnKl7AshCU_UKwO-OpdwY7rPDK/view
15559;Roadsrone;N5000 Plus;225;55;16;95;H;$ 49,80;https://drive.google.com/file/d/1PtzRJwfHJYDC1Iz6MBCiIA2O_PNc9Xkz/view, https://drive.google.com/file/d/1emf415VoVDXcwHb6Ke7QlMJQIX6u3Ie4/view, https://drive.google.com/file/d/1s4lGfTKJX5n3N_HgF7iU7WNSPqTfugQR/view, https://drive.google.com/file/d/1diQw9uQnKl7AshCU_UKwO-OpdwY7rPDK/view
15557;Roadsrone;N5000 Plus;215;55;16;97;H;$ 46,59;https://drive.google.com/file/d/1PtzRJwfHJYDC1Iz6MBCiIA2O_PNc9Xkz/view, https://drive.google.com/file/d/1emf415VoVDXcwHb6Ke7QlMJQIX6u3Ie4/view, https://drive.google.com/file/d/1s4lGfTKJX5n3N_HgF7iU7WNSPqTfugQR/view, https://drive.google.com/file/d/1diQw9uQnKl7AshCU_UKwO-OpdwY7rPDK/view
15556;Roadsrone;N5000 Plus;205;55;16;91;H;$ 35,74;https://drive.google.com/file/d/1PtzRJwfHJYDC1Iz6MBCiIA2O_PNc9Xkz/view, https://drive.google.com/file/d/1emf415VoVDXcwHb6Ke7QlMJQIX6u3Ie4/view, https://drive.google.com/file/d/1s4lGfTKJX5n3N_HgF7iU7WNSPqTfugQR/view, https://drive.google.com/file/d/1diQw9uQnKl7AshCU_UKwO-OpdwY7rPDK/view
15555;Roadsrone;N5000 Plus;195;55;16;87;V;$ 39,58;https://drive.google.com/file/d/1PtzRJwfHJYDC1Iz6MBCiIA2O_PNc9Xkz/view, https://drive.google.com/file/d/1emf415VoVDXcwHb6Ke7QlMJQIX6u3Ie4/view, https://drive.google.com/file/d/1s4lGfTKJX5n3N_HgF7iU7WNSPqTfugQR/view, https://drive.google.com/file/d/1diQw9uQnKl7AshCU_UKwO-OpdwY7rPDK/view
15580;Roadsrone;N5000 Plus;235;60;18;103;H;$ 61,45;https://drive.google.com/file/d/1PtzRJwfHJYDC1Iz6MBCiIA2O_PNc9Xkz/view, https://drive.google.com/file/d/1emf415VoVDXcwHb6Ke7QlMJQIX6u3Ie4/view, https://drive.google.com/file/d/1s4lGfTKJX5n3N_HgF7iU7WNSPqTfugQR/view, https://drive.google.com/file/d/1diQw9uQnKl7AshCU_UKwO-OpdwY7rPDK/view
15579;Roadsrone;N5000 Plus;225;60;18;100;H;$ 65,46;https://drive.google.com/file/d/1PtzRJwfHJYDC1Iz6MBCiIA2O_PNc9Xkz/view, https://drive.google.com/file/d/1emf415VoVDXcwHb6Ke7QlMJQIX6u3Ie4/view, https://drive.google.com/file/d/1s4lGfTKJX5n3N_HgF7iU7WNSPqTfugQR/view, https://drive.google.com/file/d/1diQw9uQnKl7AshCU_UKwO-OpdwY7rPDK/view
15564;Roadsrone;N5000 Plus;225;60;17;99;H;$ 53,42;https://drive.google.com/file/d/1PtzRJwfHJYDC1Iz6MBCiIA2O_PNc9Xkz/view, https://drive.google.com/file/d/1emf415VoVDXcwHb6Ke7QlMJQIX6u3Ie4/view, https://drive.google.com/file/d/1s4lGfTKJX5n3N_HgF7iU7WNSPqTfugQR/view, https://drive.google.com/file/d/1diQw9uQnKl7AshCU_UKwO-OpdwY7rPDK/view
15563;Roadsrone;N5000 Plus;215;60;17;96;H;$ 49,80;https://drive.google.com/file/d/1PtzRJwfHJYDC1Iz6MBCiIA2O_PNc9Xkz/view, https://drive.google.com/file/d/1emf415VoVDXcwHb6Ke7QlMJQIX6u3Ie4/view, https://drive.google.com/file/d/1s4lGfTKJX5n3N_HgF7iU7WNSPqTfugQR/view, https://drive.google.com/file/d/1diQw9uQnKl7AshCU_UKwO-OpdwY7rPDK/view
15554;Roadsrone;N5000 Plus;235;60;16;100;H;$ 53,86;https://drive.google.com/file/d/1PtzRJwfHJYDC1Iz6MBCiIA2O_PNc9Xkz/view, https://drive.google.com/file/d/1emf415VoVDXcwHb6Ke7QlMJQIX6u3Ie4/view, https://drive.google.com/file/d/1s4lGfTKJX5n3N_HgF7iU7WNSPqTfugQR/view, https://drive.google.com/file/d/1diQw9uQnKl7AshCU_UKwO-OpdwY7rPDK/view
15553;Roadsrone;N5000 Plus;225;60;16;98;H;$ 51,80;https://drive.google.com/file/d/1PtzRJwfHJYDC1Iz6MBCiIA2O_PNc9Xkz/view, https://drive.google.com/file/d/1emf415VoVDXcwHb6Ke7QlMJQIX6u3Ie4/view, https://drive.google.com/file/d/1s4lGfTKJX5n3N_HgF7iU7WNSPqTfugQR/view, https://drive.google.com/file/d/1diQw9uQnKl7AshCU_UKwO-OpdwY7rPDK/view
15552;Roadsrone;N5000 Plus;215;60;16;95;H;$ 48,60;https://drive.google.com/file/d/1PtzRJwfHJYDC1Iz6MBCiIA2O_PNc9Xkz/view, https://drive.google.com/file/d/1emf415VoVDXcwHb6Ke7QlMJQIX6u3Ie4/view, https://drive.google.com/file/d/1s4lGfTKJX5n3N_HgF7iU7WNSPqTfugQR/view, https://drive.google.com/file/d/1diQw9uQnKl7AshCU_UKwO-OpdwY7rPDK/view
15551;Roadsrone;N5000 Plus;205;60;16;92;H;$ 40,56;https://drive.google.com/file/d/1PtzRJwfHJYDC1Iz6MBCiIA2O_PNc9Xkz/view, https://drive.google.com/file/d/1emf415VoVDXcwHb6Ke7QlMJQIX6u3Ie4/view, https://drive.google.com/file/d/1s4lGfTKJX5n3N_HgF7iU7WNSPqTfugQR/view, https://drive.google.com/file/d/1diQw9uQnKl7AshCU_UKwO-OpdwY7rPDK/view
15704;Roadsrone;N5000 Plus;225;60;15;96;H;$ 50,11;https://drive.google.com/file/d/1PtzRJwfHJYDC1Iz6MBCiIA2O_PNc9Xkz/view, https://drive.google.com/file/d/1emf415VoVDXcwHb6Ke7QlMJQIX6u3Ie4/view, https://drive.google.com/file/d/1s4lGfTKJX5n3N_HgF7iU7WNSPqTfugQR/view, https://drive.google.com/file/d/1diQw9uQnKl7AshCU_UKwO-OpdwY7rPDK/view
15603;Roadsrone;N5000 Plus;205;60;15;91;H;$ 35,02;https://drive.google.com/file/d/1PtzRJwfHJYDC1Iz6MBCiIA2O_PNc9Xkz/view, https://drive.google.com/file/d/1emf415VoVDXcwHb6Ke7QlMJQIX6u3Ie4/view, https://drive.google.com/file/d/1s4lGfTKJX5n3N_HgF7iU7WNSPqTfugQR/view, https://drive.google.com/file/d/1diQw9uQnKl7AshCU_UKwO-OpdwY7rPDK/view
15546;Roadsrone;N5000 Plus;195;60;15;88;H;$ 29,21;https://drive.google.com/file/d/1PtzRJwfHJYDC1Iz6MBCiIA2O_PNc9Xkz/view, https://drive.google.com/file/d/1emf415VoVDXcwHb6Ke7QlMJQIX6u3Ie4/view, https://drive.google.com/file/d/1s4lGfTKJX5n3N_HgF7iU7WNSPqTfugQR/view, https://drive.google.com/file/d/1diQw9uQnKl7AshCU_UKwO-OpdwY7rPDK/view
15602;Roadsrone;N5000 Plus;205;60;14;88;H;$ 35,98;https://drive.google.com/file/d/1PtzRJwfHJYDC1Iz6MBCiIA2O_PNc9Xkz/view, https://drive.google.com/file/d/1emf415VoVDXcwHb6Ke7QlMJQIX6u3Ie4/view, https://drive.google.com/file/d/1s4lGfTKJX5n3N_HgF7iU7WNSPqTfugQR/view, https://drive.google.com/file/d/1diQw9uQnKl7AshCU_UKwO-OpdwY7rPDK/view
15601;Roadsrone;N5000 Plus;195;60;14;86;H;$ 30,25;https://drive.google.com/file/d/1PtzRJwfHJYDC1Iz6MBCiIA2O_PNc9Xkz/view, https://drive.google.com/file/d/1emf415VoVDXcwHb6Ke7QlMJQIX6u3Ie4/view, https://drive.google.com/file/d/1s4lGfTKJX5n3N_HgF7iU7WNSPqTfugQR/view, https://drive.google.com/file/d/1diQw9uQnKl7AshCU_UKwO-OpdwY7rPDK/view
15548;Roadsrone;N5000 Plus;215;65;16;98;H;$ 43,24;https://drive.google.com/file/d/1PtzRJwfHJYDC1Iz6MBCiIA2O_PNc9Xkz/view, https://drive.google.com/file/d/1emf415VoVDXcwHb6Ke7QlMJQIX6u3Ie4/view, https://drive.google.com/file/d/1s4lGfTKJX5n3N_HgF7iU7WNSPqTfugQR/view, https://drive.google.com/file/d/1diQw9uQnKl7AshCU_UKwO-OpdwY7rPDK/view
15547;Roadsrone;N5000 Plus;205;65;16;95;H;$ 44,98;https://drive.google.com/file/d/1PtzRJwfHJYDC1Iz6MBCiIA2O_PNc9Xkz/view, https://drive.google.com/file/d/1emf415VoVDXcwHb6Ke7QlMJQIX6u3Ie4/view, https://drive.google.com/file/d/1s4lGfTKJX5n3N_HgF7iU7WNSPqTfugQR/view, https://drive.google.com/file/d/1diQw9uQnKl7AshCU_UKwO-OpdwY7rPDK/view
15703;Roadsrone;N5000 Plus;215;65;15;96;H;$ 37,40;https://drive.google.com/file/d/1PtzRJwfHJYDC1Iz6MBCiIA2O_PNc9Xkz/view, https://drive.google.com/file/d/1emf415VoVDXcwHb6Ke7QlMJQIX6u3Ie4/view, https://drive.google.com/file/d/1s4lGfTKJX5n3N_HgF7iU7WNSPqTfugQR/view, https://drive.google.com/file/d/1diQw9uQnKl7AshCU_UKwO-OpdwY7rPDK/view
15544;Roadsrone;N5000 Plus;205;65;15;94;H;$ 36,15;https://drive.google.com/file/d/1PtzRJwfHJYDC1Iz6MBCiIA2O_PNc9Xkz/view, https://drive.google.com/file/d/1emf415VoVDXcwHb6Ke7QlMJQIX6u3Ie4/view, https://drive.google.com/file/d/1s4lGfTKJX5n3N_HgF7iU7WNSPqTfugQR/view, https://drive.google.com/file/d/1diQw9uQnKl7AshCU_UKwO-OpdwY7rPDK/view
15542;Roadsrone;N5000 Plus;185;65;15;88;H;$ 28,12;https://drive.google.com/file/d/1PtzRJwfHJYDC1Iz6MBCiIA2O_PNc9Xkz/view, https://drive.google.com/file/d/1emf415VoVDXcwHb6Ke7QlMJQIX6u3Ie4/view, https://drive.google.com/file/d/1s4lGfTKJX5n3N_HgF7iU7WNSPqTfugQR/view, https://drive.google.com/file/d/1diQw9uQnKl7AshCU_UKwO-OpdwY7rPDK/view
15600;Roadsrone;N5000 Plus;205;65;14;91;H;$ 33,88;https://drive.google.com/file/d/1PtzRJwfHJYDC1Iz6MBCiIA2O_PNc9Xkz/view, https://drive.google.com/file/d/1emf415VoVDXcwHb6Ke7QlMJQIX6u3Ie4/view, https://drive.google.com/file/d/1s4lGfTKJX5n3N_HgF7iU7WNSPqTfugQR/view, https://drive.google.com/file/d/1diQw9uQnKl7AshCU_UKwO-OpdwY7rPDK/view
15598;Roadsrone;N5000 Plus;185;65;14;86;H;$ 30,34;https://drive.google.com/file/d/1PtzRJwfHJYDC1Iz6MBCiIA2O_PNc9Xkz/view, https://drive.google.com/file/d/1emf415VoVDXcwHb6Ke7QlMJQIX6u3Ie4/view, https://drive.google.com/file/d/1s4lGfTKJX5n3N_HgF7iU7WNSPqTfugQR/view, https://drive.google.com/file/d/1diQw9uQnKl7AshCU_UKwO-OpdwY7rPDK/view
15702;Roadsrone;N5000 Plus;175;65;14;82;H;$ 28,38;https://drive.google.com/file/d/1PtzRJwfHJYDC1Iz6MBCiIA2O_PNc9Xkz/view, https://drive.google.com/file/d/1emf415VoVDXcwHb6Ke7QlMJQIX6u3Ie4/view, https://drive.google.com/file/d/1s4lGfTKJX5n3N_HgF7iU7WNSPqTfugQR/view, https://drive.google.com/file/d/1diQw9uQnKl7AshCU_UKwO-OpdwY7rPDK/view
11491;Roadsrone;N8000;275;30;19;96;Y;$ 108,44;https://drive.google.com/file/d/10sfPm42o0qIe7ZtKhzX4hozfHD-sjT-v/view, https://drive.google.com/file/d/1OjD8t5XdWs4VAAC1PqUqpdjQXXCcuurO/view, https://drive.google.com/file/d/1KdBygDrxD349S1bMtikLn0xQcasN2VJH/view, https://drive.google.com/file/d/1slYq2dFW4TW3KC-LW8Un0cyXj6-_GhIC/view
10934;Roadsrone;N8000;255;35;20;97;Y;$ 97,19;https://drive.google.com/file/d/10sfPm42o0qIe7ZtKhzX4hozfHD-sjT-v/view, https://drive.google.com/file/d/1OjD8t5XdWs4VAAC1PqUqpdjQXXCcuurO/view, https://drive.google.com/file/d/1KdBygDrxD349S1bMtikLn0xQcasN2VJH/view, https://drive.google.com/file/d/1slYq2dFW4TW3KC-LW8Un0cyXj6-_GhIC/view
10929;Roadsrone;N8000;245;35;20;95;Y;$ 98,40;https://drive.google.com/file/d/10sfPm42o0qIe7ZtKhzX4hozfHD-sjT-v/view, https://drive.google.com/file/d/1OjD8t5XdWs4VAAC1PqUqpdjQXXCcuurO/view, https://drive.google.com/file/d/1KdBygDrxD349S1bMtikLn0xQcasN2VJH/view, https://drive.google.com/file/d/1slYq2dFW4TW3KC-LW8Un0cyXj6-_GhIC/view
12573;Roadsrone;N8000;255;35;19;96;W;$ 85,13;https://drive.google.com/file/d/10sfPm42o0qIe7ZtKhzX4hozfHD-sjT-v/view, https://drive.google.com/file/d/1OjD8t5XdWs4VAAC1PqUqpdjQXXCcuurO/view, https://drive.google.com/file/d/1KdBygDrxD349S1bMtikLn0xQcasN2VJH/view, https://drive.google.com/file/d/1slYq2dFW4TW3KC-LW8Un0cyXj6-_GhIC/view
10925;Roadsrone;N8000;245;35;19;93;Y;$ 89,56;https://drive.google.com/file/d/10sfPm42o0qIe7ZtKhzX4hozfHD-sjT-v/view, https://drive.google.com/file/d/1OjD8t5XdWs4VAAC1PqUqpdjQXXCcuurO/view, https://drive.google.com/file/d/1KdBygDrxD349S1bMtikLn0xQcasN2VJH/view, https://drive.google.com/file/d/1slYq2dFW4TW3KC-LW8Un0cyXj6-_GhIC/view
12572;Roadsrone;N8000;225;35;19;88;W;$ 77,51;https://drive.google.com/file/d/10sfPm42o0qIe7ZtKhzX4hozfHD-sjT-v/view, https://drive.google.com/file/d/1OjD8t5XdWs4VAAC1PqUqpdjQXXCcuurO/view, https://drive.google.com/file/d/1KdBygDrxD349S1bMtikLn0xQcasN2VJH/view, https://drive.google.com/file/d/1slYq2dFW4TW3KC-LW8Un0cyXj6-_GhIC/view
12026;Roadsrone;N8000;255;40;19;100;Y;$ 91,97;https://drive.google.com/file/d/10sfPm42o0qIe7ZtKhzX4hozfHD-sjT-v/view, https://drive.google.com/file/d/1OjD8t5XdWs4VAAC1PqUqpdjQXXCcuurO/view, https://drive.google.com/file/d/1KdBygDrxD349S1bMtikLn0xQcasN2VJH/view, https://drive.google.com/file/d/1slYq2dFW4TW3KC-LW8Un0cyXj6-_GhIC/view
12027;Roadsrone;N8000;245;40;19;98;W;$ 83,54;https://drive.google.com/file/d/10sfPm42o0qIe7ZtKhzX4hozfHD-sjT-v/view, https://drive.google.com/file/d/1OjD8t5XdWs4VAAC1PqUqpdjQXXCcuurO/view, https://drive.google.com/file/d/1KdBygDrxD349S1bMtikLn0xQcasN2VJH/view, https://drive.google.com/file/d/1slYq2dFW4TW3KC-LW8Un0cyXj6-_GhIC/view
10945;Roadsrone;N8000;235;40;18;95;Y;$ 59,44;https://drive.google.com/file/d/10sfPm42o0qIe7ZtKhzX4hozfHD-sjT-v/view, https://drive.google.com/file/d/1OjD8t5XdWs4VAAC1PqUqpdjQXXCcuurO/view, https://drive.google.com/file/d/1KdBygDrxD349S1bMtikLn0xQcasN2VJH/view, https://drive.google.com/file/d/1slYq2dFW4TW3KC-LW8Un0cyXj6-_GhIC/view
10943;Roadsrone;N8000;225;40;18;92;Y;$ 46,59;https://drive.google.com/file/d/10sfPm42o0qIe7ZtKhzX4hozfHD-sjT-v/view, https://drive.google.com/file/d/1OjD8t5XdWs4VAAC1PqUqpdjQXXCcuurO/view, https://drive.google.com/file/d/1KdBygDrxD349S1bMtikLn0xQcasN2VJH/view, https://drive.google.com/file/d/1slYq2dFW4TW3KC-LW8Un0cyXj6-_GhIC/view
11460;Roadsrone;N8000;245;40;17;95;W;$ 61,05;https://drive.google.com/file/d/10sfPm42o0qIe7ZtKhzX4hozfHD-sjT-v/view, https://drive.google.com/file/d/1OjD8t5XdWs4VAAC1PqUqpdjQXXCcuurO/view, https://drive.google.com/file/d/1KdBygDrxD349S1bMtikLn0xQcasN2VJH/view, https://drive.google.com/file/d/1slYq2dFW4TW3KC-LW8Un0cyXj6-_GhIC/view
10940;Roadsrone;N8000;215;40;17;87;W;$ 51,81;https://drive.google.com/file/d/10sfPm42o0qIe7ZtKhzX4hozfHD-sjT-v/view, https://drive.google.com/file/d/1OjD8t5XdWs4VAAC1PqUqpdjQXXCcuurO/view, https://drive.google.com/file/d/1KdBygDrxD349S1bMtikLn0xQcasN2VJH/view, https://drive.google.com/file/d/1slYq2dFW4TW3KC-LW8Un0cyXj6-_GhIC/view
12023;Roadsrone;N8000;245;45;19;102;Y;$ 93,18;https://drive.google.com/file/d/10sfPm42o0qIe7ZtKhzX4hozfHD-sjT-v/view, https://drive.google.com/file/d/1OjD8t5XdWs4VAAC1PqUqpdjQXXCcuurO/view, https://drive.google.com/file/d/1KdBygDrxD349S1bMtikLn0xQcasN2VJH/view, https://drive.google.com/file/d/1slYq2dFW4TW3KC-LW8Un0cyXj6-_GhIC/view
11490;Roadsrone;N8000;225;45;18;95;Y;$ 63,46;https://drive.google.com/file/d/10sfPm42o0qIe7ZtKhzX4hozfHD-sjT-v/view, https://drive.google.com/file/d/1OjD8t5XdWs4VAAC1PqUqpdjQXXCcuurO/view, https://drive.google.com/file/d/1KdBygDrxD349S1bMtikLn0xQcasN2VJH/view, https://drive.google.com/file/d/1slYq2dFW4TW3KC-LW8Un0cyXj6-_GhIC/view
10968;Roadsrone;N8000;245;45;17;99;W;$ 63,46;https://drive.google.com/file/d/10sfPm42o0qIe7ZtKhzX4hozfHD-sjT-v/view, https://drive.google.com/file/d/1OjD8t5XdWs4VAAC1PqUqpdjQXXCcuurO/view, https://drive.google.com/file/d/1KdBygDrxD349S1bMtikLn0xQcasN2VJH/view, https://drive.google.com/file/d/1slYq2dFW4TW3KC-LW8Un0cyXj6-_GhIC/view
10958;Roadsrone;N8000;225;45;17;94;W;$ 40,97;https://drive.google.com/file/d/10sfPm42o0qIe7ZtKhzX4hozfHD-sjT-v/view, https://drive.google.com/file/d/1OjD8t5XdWs4VAAC1PqUqpdjQXXCcuurO/view, https://drive.google.com/file/d/1KdBygDrxD349S1bMtikLn0xQcasN2VJH/view, https://drive.google.com/file/d/1slYq2dFW4TW3KC-LW8Un0cyXj6-_GhIC/view
11489;Roadsrone;N8000;235;50;18;101;W;$ 71,89;https://drive.google.com/file/d/10sfPm42o0qIe7ZtKhzX4hozfHD-sjT-v/view, https://drive.google.com/file/d/1OjD8t5XdWs4VAAC1PqUqpdjQXXCcuurO/view, https://drive.google.com/file/d/1KdBygDrxD349S1bMtikLn0xQcasN2VJH/view, https://drive.google.com/file/d/1slYq2dFW4TW3KC-LW8Un0cyXj6-_GhIC/view
11454;Roadsrone;N8000;215;50;17;95;W;$ 53,42;https://drive.google.com/file/d/10sfPm42o0qIe7ZtKhzX4hozfHD-sjT-v/view, https://drive.google.com/file/d/1OjD8t5XdWs4VAAC1PqUqpdjQXXCcuurO/view, https://drive.google.com/file/d/1KdBygDrxD349S1bMtikLn0xQcasN2VJH/view, https://drive.google.com/file/d/1slYq2dFW4TW3KC-LW8Un0cyXj6-_GhIC/view
11486;Roadsrone;N8000;235;55;17;103;W;$ 64,66;https://drive.google.com/file/d/10sfPm42o0qIe7ZtKhzX4hozfHD-sjT-v/view, https://drive.google.com/file/d/1OjD8t5XdWs4VAAC1PqUqpdjQXXCcuurO/view, https://drive.google.com/file/d/1KdBygDrxD349S1bMtikLn0xQcasN2VJH/view, https://drive.google.com/file/d/1slYq2dFW4TW3KC-LW8Un0cyXj6-_GhIC/view
10993;Roadsrone;N8000;205;55;16;94;W;$ 36,55;https://drive.google.com/file/d/10sfPm42o0qIe7ZtKhzX4hozfHD-sjT-v/view, https://drive.google.com/file/d/1OjD8t5XdWs4VAAC1PqUqpdjQXXCcuurO/view, https://drive.google.com/file/d/1KdBygDrxD349S1bMtikLn0xQcasN2VJH/view, https://drive.google.com/file/d/1slYq2dFW4TW3KC-LW8Un0cyXj6-_GhIC/view
13616;Roadsrone;N'Fera RU1;275;35;20;102;Y;$ 108,44;https://drive.google.com/file/d/1QsPL1YOsUrqcjkXTFBdv3uaQ-OW0it9G/view, https://drive.google.com/file/d/1Yj1SuL9MHMoJnhtbe8QbH8XxOuh0MrZD/view, https://drive.google.com/file/d/1BatR9qTluBBZQfa6TtnuwlFqHSgTVzcP/view, https://drive.google.com/file/d/1YF19TyVavbHjLK_Nz-a8DUsrDmMcf6pa/view
13615;Roadsrone;N'Fera RU1;255;35;20;97;Y;$ 93,18;https://drive.google.com/file/d/1QsPL1YOsUrqcjkXTFBdv3uaQ-OW0it9G/view, https://drive.google.com/file/d/1Yj1SuL9MHMoJnhtbe8QbH8XxOuh0MrZD/view, https://drive.google.com/file/d/1BatR9qTluBBZQfa6TtnuwlFqHSgTVzcP/view, https://drive.google.com/file/d/1YF19TyVavbHjLK_Nz-a8DUsrDmMcf6pa/view
12316;Roadsrone;N'Fera RU1;275;40;20;106;Y;$ 98,80;https://drive.google.com/file/d/1QsPL1YOsUrqcjkXTFBdv3uaQ-OW0it9G/view, https://drive.google.com/file/d/1Yj1SuL9MHMoJnhtbe8QbH8XxOuh0MrZD/view, https://drive.google.com/file/d/1BatR9qTluBBZQfa6TtnuwlFqHSgTVzcP/view, https://drive.google.com/file/d/1YF19TyVavbHjLK_Nz-a8DUsrDmMcf6pa/view
14288;Roadsrone;N'Fera RU1;255;45;20;105;W;$ 108,44;https://drive.google.com/file/d/1QsPL1YOsUrqcjkXTFBdv3uaQ-OW0it9G/view, https://drive.google.com/file/d/1Yj1SuL9MHMoJnhtbe8QbH8XxOuh0MrZD/view, https://drive.google.com/file/d/1BatR9qTluBBZQfa6TtnuwlFqHSgTVzcP/view, https://drive.google.com/file/d/1YF19TyVavbHjLK_Nz-a8DUsrDmMcf6pa/view
12309;Roadsrone;N'Fera RU1;235;45;19;95;W;$ 77,51;https://drive.google.com/file/d/1QsPL1YOsUrqcjkXTFBdv3uaQ-OW0it9G/view, https://drive.google.com/file/d/1Yj1SuL9MHMoJnhtbe8QbH8XxOuh0MrZD/view, https://drive.google.com/file/d/1BatR9qTluBBZQfa6TtnuwlFqHSgTVzcP/view, https://drive.google.com/file/d/1YF19TyVavbHjLK_Nz-a8DUsrDmMcf6pa/view
12324;Roadsrone;N'Fera RU1;235;45;18;98;W;$ 63,86;https://drive.google.com/file/d/1QsPL1YOsUrqcjkXTFBdv3uaQ-OW0it9G/view, https://drive.google.com/file/d/1Yj1SuL9MHMoJnhtbe8QbH8XxOuh0MrZD/view, https://drive.google.com/file/d/1BatR9qTluBBZQfa6TtnuwlFqHSgTVzcP/view, https://drive.google.com/file/d/1YF19TyVavbHjLK_Nz-a8DUsrDmMcf6pa/view
13623;Roadsrone;N'Fera RU1;255;55;19;111;V;$ 75,10;https://drive.google.com/file/d/1QsPL1YOsUrqcjkXTFBdv3uaQ-OW0it9G/view, https://drive.google.com/file/d/1Yj1SuL9MHMoJnhtbe8QbH8XxOuh0MrZD/view, https://drive.google.com/file/d/1BatR9qTluBBZQfa6TtnuwlFqHSgTVzcP/view, https://drive.google.com/file/d/1YF19TyVavbHjLK_Nz-a8DUsrDmMcf6pa/view
12317;Roadsrone;N'Fera RU1;235;55;19;105;V;$ 71,09;https://drive.google.com/file/d/1QsPL1YOsUrqcjkXTFBdv3uaQ-OW0it9G/view, https://drive.google.com/file/d/1Yj1SuL9MHMoJnhtbe8QbH8XxOuh0MrZD/view, https://drive.google.com/file/d/1BatR9qTluBBZQfa6TtnuwlFqHSgTVzcP/view, https://drive.google.com/file/d/1YF19TyVavbHjLK_Nz-a8DUsrDmMcf6pa/view
13610;Roadsrone;N'Fera RU1;225;55;19;99;H;$ 66,27;https://drive.google.com/file/d/1QsPL1YOsUrqcjkXTFBdv3uaQ-OW0it9G/view, https://drive.google.com/file/d/1Yj1SuL9MHMoJnhtbe8QbH8XxOuh0MrZD/view, https://drive.google.com/file/d/1BatR9qTluBBZQfa6TtnuwlFqHSgTVzcP/view, https://drive.google.com/file/d/1YF19TyVavbHjLK_Nz-a8DUsrDmMcf6pa/view
12301;Roadsrone;N'Fera RU1;255;55;18;109;W;$ 67,87;https://drive.google.com/file/d/1QsPL1YOsUrqcjkXTFBdv3uaQ-OW0it9G/view, https://drive.google.com/file/d/1Yj1SuL9MHMoJnhtbe8QbH8XxOuh0MrZD/view, https://drive.google.com/file/d/1BatR9qTluBBZQfa6TtnuwlFqHSgTVzcP/view, https://drive.google.com/file/d/1YF19TyVavbHjLK_Nz-a8DUsrDmMcf6pa/view
13671;Roadsrone;N'Fera RU1;235;55;18;100;V;$ 63,05;https://drive.google.com/file/d/1QsPL1YOsUrqcjkXTFBdv3uaQ-OW0it9G/view, https://drive.google.com/file/d/1Yj1SuL9MHMoJnhtbe8QbH8XxOuh0MrZD/view, https://drive.google.com/file/d/1BatR9qTluBBZQfa6TtnuwlFqHSgTVzcP/view, https://drive.google.com/file/d/1YF19TyVavbHjLK_Nz-a8DUsrDmMcf6pa/view
13618;Roadsrone;N'Fera RU1;235;55;17;99;V;$ 56,23;https://drive.google.com/file/d/1QsPL1YOsUrqcjkXTFBdv3uaQ-OW0it9G/view, https://drive.google.com/file/d/1Yj1SuL9MHMoJnhtbe8QbH8XxOuh0MrZD/view, https://drive.google.com/file/d/1BatR9qTluBBZQfa6TtnuwlFqHSgTVzcP/view, https://drive.google.com/file/d/1YF19TyVavbHjLK_Nz-a8DUsrDmMcf6pa/view
12328;Roadsrone;N'Fera RU1;235;60;18;103;V;$ 59,84;https://drive.google.com/file/d/1QsPL1YOsUrqcjkXTFBdv3uaQ-OW0it9G/view, https://drive.google.com/file/d/1Yj1SuL9MHMoJnhtbe8QbH8XxOuh0MrZD/view, https://drive.google.com/file/d/1BatR9qTluBBZQfa6TtnuwlFqHSgTVzcP/view, https://drive.google.com/file/d/1YF19TyVavbHjLK_Nz-a8DUsrDmMcf6pa/view
17934;Roadsrone;N'Fera RU1;225;60;18;100;W;$ 65,46;https://drive.google.com/file/d/1QsPL1YOsUrqcjkXTFBdv3uaQ-OW0it9G/view, https://drive.google.com/file/d/1Yj1SuL9MHMoJnhtbe8QbH8XxOuh0MrZD/view, https://drive.google.com/file/d/1BatR9qTluBBZQfa6TtnuwlFqHSgTVzcP/view, https://drive.google.com/file/d/1YF19TyVavbHjLK_Nz-a8DUsrDmMcf6pa/view
12318;Roadsrone;N'Fera RU1;255;60;17;106;V;$ 61,85;https://drive.google.com/file/d/1QsPL1YOsUrqcjkXTFBdv3uaQ-OW0it9G/view, https://drive.google.com/file/d/1Yj1SuL9MHMoJnhtbe8QbH8XxOuh0MrZD/view, https://drive.google.com/file/d/1BatR9qTluBBZQfa6TtnuwlFqHSgTVzcP/view, https://drive.google.com/file/d/1YF19TyVavbHjLK_Nz-a8DUsrDmMcf6pa/view
14023;Roadsrone;N'Fera RU5;315;35;20;110;W;$ 134,58;https://drive.google.com/file/d/1sMzsVS7b1n2h-IilbQ6RZb3ZrwcoL84E/view, https://drive.google.com/file/d/1tzkxp92VzlW1rTrjkr8TxiOF8yplY-0B/view, https://drive.google.com/file/d/1NzO1KSj2IvCYL-06rquHQXRDj2gFpfj-/view, https://drive.google.com/file/d/1JjkZJFFsA_jI_2fADdwIiETzHUQCoOVr/view
12617;Roadsrone;N'Fera RU5;275;40;20;106;W;$ 108,22;https://drive.google.com/file/d/1sMzsVS7b1n2h-IilbQ6RZb3ZrwcoL84E/view, https://drive.google.com/file/d/1tzkxp92VzlW1rTrjkr8TxiOF8yplY-0B/view, https://drive.google.com/file/d/1NzO1KSj2IvCYL-06rquHQXRDj2gFpfj-/view, https://drive.google.com/file/d/1JjkZJFFsA_jI_2fADdwIiETzHUQCoOVr/view
12608;Roadsrone;N'Fera RU5;275;45;20;110;V;$ 107,04;https://drive.google.com/file/d/1sMzsVS7b1n2h-IilbQ6RZb3ZrwcoL84E/view, https://drive.google.com/file/d/1tzkxp92VzlW1rTrjkr8TxiOF8yplY-0B/view, https://drive.google.com/file/d/1NzO1KSj2IvCYL-06rquHQXRDj2gFpfj-/view, https://drive.google.com/file/d/1JjkZJFFsA_jI_2fADdwIiETzHUQCoOVr/view
12606;Roadsrone;N'Fera RU5;255;45;20;105;V;$ 107,71;https://drive.google.com/file/d/1sMzsVS7b1n2h-IilbQ6RZb3ZrwcoL84E/view, https://drive.google.com/file/d/1tzkxp92VzlW1rTrjkr8TxiOF8yplY-0B/view, https://drive.google.com/file/d/1NzO1KSj2IvCYL-06rquHQXRDj2gFpfj-/view, https://drive.google.com/file/d/1JjkZJFFsA_jI_2fADdwIiETzHUQCoOVr/view
14021;Roadsrone;N'Fera RU5;265;50;20;111;V;$ 108,82;https://drive.google.com/file/d/1sMzsVS7b1n2h-IilbQ6RZb3ZrwcoL84E/view, https://drive.google.com/file/d/1tzkxp92VzlW1rTrjkr8TxiOF8yplY-0B/view, https://drive.google.com/file/d/1NzO1KSj2IvCYL-06rquHQXRDj2gFpfj-/view, https://drive.google.com/file/d/1JjkZJFFsA_jI_2fADdwIiETzHUQCoOVr/view
14012;Roadsrone;N'Fera RU5;255;50;20;109;W;$ 121,32;https://drive.google.com/file/d/1sMzsVS7b1n2h-IilbQ6RZb3ZrwcoL84E/view, https://drive.google.com/file/d/1tzkxp92VzlW1rTrjkr8TxiOF8yplY-0B/view, https://drive.google.com/file/d/1NzO1KSj2IvCYL-06rquHQXRDj2gFpfj-/view, https://drive.google.com/file/d/1JjkZJFFsA_jI_2fADdwIiETzHUQCoOVr/view
14070;Roadsrone;N'Fera RU5;245;50;20;102;V;$ 125,03;https://drive.google.com/file/d/1sMzsVS7b1n2h-IilbQ6RZb3ZrwcoL84E/view, https://drive.google.com/file/d/1tzkxp92VzlW1rTrjkr8TxiOF8yplY-0B/view, https://drive.google.com/file/d/1NzO1KSj2IvCYL-06rquHQXRDj2gFpfj-/view, https://drive.google.com/file/d/1JjkZJFFsA_jI_2fADdwIiETzHUQCoOVr/view
14434;Roadsrone;N'Fera RU5;255;50;19;107;W;$ 92,68;https://drive.google.com/file/d/1sMzsVS7b1n2h-IilbQ6RZb3ZrwcoL84E/view, https://drive.google.com/file/d/1tzkxp92VzlW1rTrjkr8TxiOF8yplY-0B/view, https://drive.google.com/file/d/1NzO1KSj2IvCYL-06rquHQXRDj2gFpfj-/view, https://drive.google.com/file/d/1JjkZJFFsA_jI_2fADdwIiETzHUQCoOVr/view
14058;Roadsrone;N'Fera RU5;235;50;19;103;V;$ 74,44;https://drive.google.com/file/d/1sMzsVS7b1n2h-IilbQ6RZb3ZrwcoL84E/view, https://drive.google.com/file/d/1tzkxp92VzlW1rTrjkr8TxiOF8yplY-0B/view, https://drive.google.com/file/d/1NzO1KSj2IvCYL-06rquHQXRDj2gFpfj-/view, https://drive.google.com/file/d/1JjkZJFFsA_jI_2fADdwIiETzHUQCoOVr/view
15092;Roadsrone;N'Fera RU5;255;55;20;107;V;$ 78,95;https://drive.google.com/file/d/1sMzsVS7b1n2h-IilbQ6RZb3ZrwcoL84E/view, https://drive.google.com/file/d/1tzkxp92VzlW1rTrjkr8TxiOF8yplY-0B/view, https://drive.google.com/file/d/1NzO1KSj2IvCYL-06rquHQXRDj2gFpfj-/view, https://drive.google.com/file/d/1JjkZJFFsA_jI_2fADdwIiETzHUQCoOVr/view
14016;Roadsrone;N'Fera RU5;235;55;20;105;V;$ 73,37;https://drive.google.com/file/d/1sMzsVS7b1n2h-IilbQ6RZb3ZrwcoL84E/view, https://drive.google.com/file/d/1tzkxp92VzlW1rTrjkr8TxiOF8yplY-0B/view, https://drive.google.com/file/d/1NzO1KSj2IvCYL-06rquHQXRDj2gFpfj-/view, https://drive.google.com/file/d/1JjkZJFFsA_jI_2fADdwIiETzHUQCoOVr/view
14057;Roadsrone;N'Fera RU5;275;55;19;111;V;$ 88,00;https://drive.google.com/file/d/1sMzsVS7b1n2h-IilbQ6RZb3ZrwcoL84E/view, https://drive.google.com/file/d/1tzkxp92VzlW1rTrjkr8TxiOF8yplY-0B/view, https://drive.google.com/file/d/1NzO1KSj2IvCYL-06rquHQXRDj2gFpfj-/view, https://drive.google.com/file/d/1JjkZJFFsA_jI_2fADdwIiETzHUQCoOVr/view
14059;Roadsrone;N'Fera RU5;245;55;19;103;V;$ 92,04;https://drive.google.com/file/d/1sMzsVS7b1n2h-IilbQ6RZb3ZrwcoL84E/view, https://drive.google.com/file/d/1tzkxp92VzlW1rTrjkr8TxiOF8yplY-0B/view, https://drive.google.com/file/d/1NzO1KSj2IvCYL-06rquHQXRDj2gFpfj-/view, https://drive.google.com/file/d/1JjkZJFFsA_jI_2fADdwIiETzHUQCoOVr/view
13122;Roadsrone;N'Fera RU5;235;55;19;105;W;$ 71,30;https://drive.google.com/file/d/1sMzsVS7b1n2h-IilbQ6RZb3ZrwcoL84E/view, https://drive.google.com/file/d/1tzkxp92VzlW1rTrjkr8TxiOF8yplY-0B/view, https://drive.google.com/file/d/1NzO1KSj2IvCYL-06rquHQXRDj2gFpfj-/view, https://drive.google.com/file/d/1JjkZJFFsA_jI_2fADdwIiETzHUQCoOVr/view
12605;Roadsrone;N'Fera RU5;255;55;18;109;V;$ 67,77;https://drive.google.com/file/d/1sMzsVS7b1n2h-IilbQ6RZb3ZrwcoL84E/view, https://drive.google.com/file/d/1tzkxp92VzlW1rTrjkr8TxiOF8yplY-0B/view, https://drive.google.com/file/d/1NzO1KSj2IvCYL-06rquHQXRDj2gFpfj-/view, https://drive.google.com/file/d/1JjkZJFFsA_jI_2fADdwIiETzHUQCoOVr/view
14435;Roadsrone;N'Fera RU5;235;55;18;102;V;$ 63,05;https://drive.google.com/file/d/1sMzsVS7b1n2h-IilbQ6RZb3ZrwcoL84E/view, https://drive.google.com/file/d/1tzkxp92VzlW1rTrjkr8TxiOF8yplY-0B/view, https://drive.google.com/file/d/1NzO1KSj2IvCYL-06rquHQXRDj2gFpfj-/view, https://drive.google.com/file/d/1JjkZJFFsA_jI_2fADdwIiETzHUQCoOVr/view
13120;Roadsrone;N'Fera RU5;225;55;18;98;V;$ 63,88;https://drive.google.com/file/d/1sMzsVS7b1n2h-IilbQ6RZb3ZrwcoL84E/view, https://drive.google.com/file/d/1tzkxp92VzlW1rTrjkr8TxiOF8yplY-0B/view, https://drive.google.com/file/d/1NzO1KSj2IvCYL-06rquHQXRDj2gFpfj-/view, https://drive.google.com/file/d/1JjkZJFFsA_jI_2fADdwIiETzHUQCoOVr/view
14010;Roadsrone;N'Fera RU5;235;55;17;103;V;$ 58,44;https://drive.google.com/file/d/1sMzsVS7b1n2h-IilbQ6RZb3ZrwcoL84E/view, https://drive.google.com/file/d/1tzkxp92VzlW1rTrjkr8TxiOF8yplY-0B/view, https://drive.google.com/file/d/1NzO1KSj2IvCYL-06rquHQXRDj2gFpfj-/view, https://drive.google.com/file/d/1JjkZJFFsA_jI_2fADdwIiETzHUQCoOVr/view
14022;Roadsrone;N'Fera RU5;285;60;18;116;V;$ 90,18;https://drive.google.com/file/d/1sMzsVS7b1n2h-IilbQ6RZb3ZrwcoL84E/view, https://drive.google.com/file/d/1tzkxp92VzlW1rTrjkr8TxiOF8yplY-0B/view, https://drive.google.com/file/d/1NzO1KSj2IvCYL-06rquHQXRDj2gFpfj-/view, https://drive.google.com/file/d/1JjkZJFFsA_jI_2fADdwIiETzHUQCoOVr/view
12615;Roadsrone;N'Fera RU5;265;60;18;109;V;$ 82,58;https://drive.google.com/file/d/1sMzsVS7b1n2h-IilbQ6RZb3ZrwcoL84E/view, https://drive.google.com/file/d/1tzkxp92VzlW1rTrjkr8TxiOF8yplY-0B/view, https://drive.google.com/file/d/1NzO1KSj2IvCYL-06rquHQXRDj2gFpfj-/view, https://drive.google.com/file/d/1JjkZJFFsA_jI_2fADdwIiETzHUQCoOVr/view
14391;Roadsrone;N'Fera RU5;255;60;18;112;V;$ 66,19;https://drive.google.com/file/d/1sMzsVS7b1n2h-IilbQ6RZb3ZrwcoL84E/view, https://drive.google.com/file/d/1tzkxp92VzlW1rTrjkr8TxiOF8yplY-0B/view, https://drive.google.com/file/d/1NzO1KSj2IvCYL-06rquHQXRDj2gFpfj-/view, https://drive.google.com/file/d/1JjkZJFFsA_jI_2fADdwIiETzHUQCoOVr/view
12613;Roadsrone;N'Fera RU5;245;60;18;104;V;$ 66,67;https://drive.google.com/file/d/1sMzsVS7b1n2h-IilbQ6RZb3ZrwcoL84E/view, https://drive.google.com/file/d/1tzkxp92VzlW1rTrjkr8TxiOF8yplY-0B/view, https://drive.google.com/file/d/1NzO1KSj2IvCYL-06rquHQXRDj2gFpfj-/view, https://drive.google.com/file/d/1JjkZJFFsA_jI_2fADdwIiETzHUQCoOVr/view
12612;Roadsrone;N'Fera RU5;235;60;18;107;V;$ 65,13;https://drive.google.com/file/d/1sMzsVS7b1n2h-IilbQ6RZb3ZrwcoL84E/view, https://drive.google.com/file/d/1tzkxp92VzlW1rTrjkr8TxiOF8yplY-0B/view, https://drive.google.com/file/d/1NzO1KSj2IvCYL-06rquHQXRDj2gFpfj-/view, https://drive.google.com/file/d/1JjkZJFFsA_jI_2fADdwIiETzHUQCoOVr/view
12611;Roadsrone;N'Fera RU5;235;60;17;103;V;$ 59,05;https://drive.google.com/file/d/1sMzsVS7b1n2h-IilbQ6RZb3ZrwcoL84E/view, https://drive.google.com/file/d/1tzkxp92VzlW1rTrjkr8TxiOF8yplY-0B/view, https://drive.google.com/file/d/1NzO1KSj2IvCYL-06rquHQXRDj2gFpfj-/view, https://drive.google.com/file/d/1JjkZJFFsA_jI_2fADdwIiETzHUQCoOVr/view
13119;Roadsrone;N'Fera RU5;225;60;17;103;V;$ 55,46;https://drive.google.com/file/d/1sMzsVS7b1n2h-IilbQ6RZb3ZrwcoL84E/view, https://drive.google.com/file/d/1tzkxp92VzlW1rTrjkr8TxiOF8yplY-0B/view, https://drive.google.com/file/d/1NzO1KSj2IvCYL-06rquHQXRDj2gFpfj-/view, https://drive.google.com/file/d/1JjkZJFFsA_jI_2fADdwIiETzHUQCoOVr/view
14015;Roadsrone;N'Fera RU5;235;60;16;100;V;$ 58,35;https://drive.google.com/file/d/1sMzsVS7b1n2h-IilbQ6RZb3ZrwcoL84E/view, https://drive.google.com/file/d/1tzkxp92VzlW1rTrjkr8TxiOF8yplY-0B/view, https://drive.google.com/file/d/1NzO1KSj2IvCYL-06rquHQXRDj2gFpfj-/view, https://drive.google.com/file/d/1JjkZJFFsA_jI_2fADdwIiETzHUQCoOVr/view
14011;Roadsrone;N'Fera RU5;235;65;18;110;V;$ 58,48;https://drive.google.com/file/d/1sMzsVS7b1n2h-IilbQ6RZb3ZrwcoL84E/view, https://drive.google.com/file/d/1tzkxp92VzlW1rTrjkr8TxiOF8yplY-0B/view, https://drive.google.com/file/d/1NzO1KSj2IvCYL-06rquHQXRDj2gFpfj-/view, https://drive.google.com/file/d/1JjkZJFFsA_jI_2fADdwIiETzHUQCoOVr/view
12600;Roadsrone;N'Fera RU5;235;65;17;108;V;$ 57,88;https://drive.google.com/file/d/1sMzsVS7b1n2h-IilbQ6RZb3ZrwcoL84E/view, https://drive.google.com/file/d/1tzkxp92VzlW1rTrjkr8TxiOF8yplY-0B/view, https://drive.google.com/file/d/1NzO1KSj2IvCYL-06rquHQXRDj2gFpfj-/view, https://drive.google.com/file/d/1JjkZJFFsA_jI_2fADdwIiETzHUQCoOVr/view
14009;Roadsrone;N'Fera RU5;225;65;17;106;V;$ 51,59;https://drive.google.com/file/d/1sMzsVS7b1n2h-IilbQ6RZb3ZrwcoL84E/view, https://drive.google.com/file/d/1tzkxp92VzlW1rTrjkr8TxiOF8yplY-0B/view, https://drive.google.com/file/d/1NzO1KSj2IvCYL-06rquHQXRDj2gFpfj-/view, https://drive.google.com/file/d/1JjkZJFFsA_jI_2fADdwIiETzHUQCoOVr/view
14014;Roadsrone;N'Fera RU5;215;65;16;102;H;$ 47,07;https://drive.google.com/file/d/1sMzsVS7b1n2h-IilbQ6RZb3ZrwcoL84E/view, https://drive.google.com/file/d/1tzkxp92VzlW1rTrjkr8TxiOF8yplY-0B/view, https://drive.google.com/file/d/1NzO1KSj2IvCYL-06rquHQXRDj2gFpfj-/view, https://drive.google.com/file/d/1JjkZJFFsA_jI_2fADdwIiETzHUQCoOVr/view
14026;Roadsrone;N'Fera SU1;275;35;19;100;Y;$ 112,45;https://drive.google.com/file/d/1_FM0akckMZEb027OTWSPRqDhst8_aBe6/view, https://drive.google.com/file/d/14wLplRWsGf2kyt0cYQXdefX_nsmq6KXl/view, https://drive.google.com/file/d/1VlcZu7wzH1udcS01tdv7XyeAo-gUTDGy/view, https://drive.google.com/file/d/1cmDhFPTENyd9TmTcsEeuL2MW_vwUiXFS/view
16404;Roadsrone;N'Fera SU1;265;35;19;98;Y;$ 87,67;https://drive.google.com/file/d/1_FM0akckMZEb027OTWSPRqDhst8_aBe6/view, https://drive.google.com/file/d/14wLplRWsGf2kyt0cYQXdefX_nsmq6KXl/view, https://drive.google.com/file/d/1VlcZu7wzH1udcS01tdv7XyeAo-gUTDGy/view, https://drive.google.com/file/d/1cmDhFPTENyd9TmTcsEeuL2MW_vwUiXFS/view
12338;Roadsrone;N'Fera SU1;255;35;19;96;W;$ 81,53;https://drive.google.com/file/d/1_FM0akckMZEb027OTWSPRqDhst8_aBe6/view, https://drive.google.com/file/d/14wLplRWsGf2kyt0cYQXdefX_nsmq6KXl/view, https://drive.google.com/file/d/1VlcZu7wzH1udcS01tdv7XyeAo-gUTDGy/view, https://drive.google.com/file/d/1cmDhFPTENyd9TmTcsEeuL2MW_vwUiXFS/view
12315;Roadsrone;N'Fera SU1;235;35;19;91;Y;$ 79,12;https://drive.google.com/file/d/1_FM0akckMZEb027OTWSPRqDhst8_aBe6/view, https://drive.google.com/file/d/14wLplRWsGf2kyt0cYQXdefX_nsmq6KXl/view, https://drive.google.com/file/d/1VlcZu7wzH1udcS01tdv7XyeAo-gUTDGy/view, https://drive.google.com/file/d/1cmDhFPTENyd9TmTcsEeuL2MW_vwUiXFS/view
13517;Roadsrone;N'Fera SU1;275;35;18;99;W;$ 98,40;https://drive.google.com/file/d/1_FM0akckMZEb027OTWSPRqDhst8_aBe6/view, https://drive.google.com/file/d/14wLplRWsGf2kyt0cYQXdefX_nsmq6KXl/view, https://drive.google.com/file/d/1VlcZu7wzH1udcS01tdv7XyeAo-gUTDGy/view, https://drive.google.com/file/d/1cmDhFPTENyd9TmTcsEeuL2MW_vwUiXFS/view
12347;Roadsrone;N'Fera SU1;255;35;18;94;Y;$ 73,90;https://drive.google.com/file/d/1_FM0akckMZEb027OTWSPRqDhst8_aBe6/view, https://drive.google.com/file/d/14wLplRWsGf2kyt0cYQXdefX_nsmq6KXl/view, https://drive.google.com/file/d/1VlcZu7wzH1udcS01tdv7XyeAo-gUTDGy/view, https://drive.google.com/file/d/1cmDhFPTENyd9TmTcsEeuL2MW_vwUiXFS/view
12590;Roadsrone;N'Fera SU1;225;35;18;87;Y;$ 68,68;https://drive.google.com/file/d/1_FM0akckMZEb027OTWSPRqDhst8_aBe6/view, https://drive.google.com/file/d/14wLplRWsGf2kyt0cYQXdefX_nsmq6KXl/view, https://drive.google.com/file/d/1VlcZu7wzH1udcS01tdv7XyeAo-gUTDGy/view, https://drive.google.com/file/d/1cmDhFPTENyd9TmTcsEeuL2MW_vwUiXFS/view
14031;Roadsrone;N'Fera SU1;245;40;20;99;Y;$ 110,85;https://drive.google.com/file/d/1_FM0akckMZEb027OTWSPRqDhst8_aBe6/view, https://drive.google.com/file/d/14wLplRWsGf2kyt0cYQXdefX_nsmq6KXl/view, https://drive.google.com/file/d/1VlcZu7wzH1udcS01tdv7XyeAo-gUTDGy/view, https://drive.google.com/file/d/1cmDhFPTENyd9TmTcsEeuL2MW_vwUiXFS/view
13520;Roadsrone;N'Fera SU1;275;40;19;105;Y;$ 106,83;https://drive.google.com/file/d/1_FM0akckMZEb027OTWSPRqDhst8_aBe6/view, https://drive.google.com/file/d/14wLplRWsGf2kyt0cYQXdefX_nsmq6KXl/view, https://drive.google.com/file/d/1VlcZu7wzH1udcS01tdv7XyeAo-gUTDGy/view, https://drive.google.com/file/d/1cmDhFPTENyd9TmTcsEeuL2MW_vwUiXFS/view
12723;Roadsrone;N'Fera SU1;245;40;19;98;Y;$ 83,54;https://drive.google.com/file/d/1_FM0akckMZEb027OTWSPRqDhst8_aBe6/view, https://drive.google.com/file/d/14wLplRWsGf2kyt0cYQXdefX_nsmq6KXl/view, https://drive.google.com/file/d/1VlcZu7wzH1udcS01tdv7XyeAo-gUTDGy/view, https://drive.google.com/file/d/1cmDhFPTENyd9TmTcsEeuL2MW_vwUiXFS/view
17931;Roadsrone;N'Fera SU1;245;40;19;98;Y;$ 83,54;https://drive.google.com/file/d/1_FM0akckMZEb027OTWSPRqDhst8_aBe6/view, https://drive.google.com/file/d/14wLplRWsGf2kyt0cYQXdefX_nsmq6KXl/view, https://drive.google.com/file/d/1VlcZu7wzH1udcS01tdv7XyeAo-gUTDGy/view, https://drive.google.com/file/d/1cmDhFPTENyd9TmTcsEeuL2MW_vwUiXFS/view
15089;Roadsrone;N'Fera SU1;235;40;19;96;Y;$ 93,98;https://drive.google.com/file/d/1_FM0akckMZEb027OTWSPRqDhst8_aBe6/view, https://drive.google.com/file/d/14wLplRWsGf2kyt0cYQXdefX_nsmq6KXl/view, https://drive.google.com/file/d/1VlcZu7wzH1udcS01tdv7XyeAo-gUTDGy/view, https://drive.google.com/file/d/1cmDhFPTENyd9TmTcsEeuL2MW_vwUiXFS/view
14121;Roadsrone;N'Fera SU1;225;40;19;93;Y;$ 93,58;https://drive.google.com/file/d/1_FM0akckMZEb027OTWSPRqDhst8_aBe6/view, https://drive.google.com/file/d/14wLplRWsGf2kyt0cYQXdefX_nsmq6KXl/view, https://drive.google.com/file/d/1VlcZu7wzH1udcS01tdv7XyeAo-gUTDGy/view, https://drive.google.com/file/d/1cmDhFPTENyd9TmTcsEeuL2MW_vwUiXFS/view
12312;Roadsrone;N'Fera SU1;245;40;18;97;Y;$ 64,26;https://drive.google.com/file/d/1_FM0akckMZEb027OTWSPRqDhst8_aBe6/view, https://drive.google.com/file/d/14wLplRWsGf2kyt0cYQXdefX_nsmq6KXl/view, https://drive.google.com/file/d/1VlcZu7wzH1udcS01tdv7XyeAo-gUTDGy/view, https://drive.google.com/file/d/1cmDhFPTENyd9TmTcsEeuL2MW_vwUiXFS/view
11782;Roadsrone;N'Fera SU1;225;40;18;92;Y;$ 46,59;https://drive.google.com/file/d/1_FM0akckMZEb027OTWSPRqDhst8_aBe6/view, https://drive.google.com/file/d/14wLplRWsGf2kyt0cYQXdefX_nsmq6KXl/view, https://drive.google.com/file/d/1VlcZu7wzH1udcS01tdv7XyeAo-gUTDGy/view, https://drive.google.com/file/d/1cmDhFPTENyd9TmTcsEeuL2MW_vwUiXFS/view
13524;Roadsrone;N'Fera SU1;255;45;19;104;Y;$ 96,79;https://drive.google.com/file/d/1_FM0akckMZEb027OTWSPRqDhst8_aBe6/view, https://drive.google.com/file/d/14wLplRWsGf2kyt0cYQXdefX_nsmq6KXl/view, https://drive.google.com/file/d/1VlcZu7wzH1udcS01tdv7XyeAo-gUTDGy/view, https://drive.google.com/file/d/1cmDhFPTENyd9TmTcsEeuL2MW_vwUiXFS/view
14019;Roadsrone;N'Fera SU1;245;45;19;102;Y;$ 93,18;https://drive.google.com/file/d/1_FM0akckMZEb027OTWSPRqDhst8_aBe6/view, https://drive.google.com/file/d/14wLplRWsGf2kyt0cYQXdefX_nsmq6KXl/view, https://drive.google.com/file/d/1VlcZu7wzH1udcS01tdv7XyeAo-gUTDGy/view, https://drive.google.com/file/d/1cmDhFPTENyd9TmTcsEeuL2MW_vwUiXFS/view
14099;Roadsrone;N'Fera SU1;225;45;19;96;W;$ 89,96;https://drive.google.com/file/d/1_FM0akckMZEb027OTWSPRqDhst8_aBe6/view, https://drive.google.com/file/d/14wLplRWsGf2kyt0cYQXdefX_nsmq6KXl/view, https://drive.google.com/file/d/1VlcZu7wzH1udcS01tdv7XyeAo-gUTDGy/view, https://drive.google.com/file/d/1cmDhFPTENyd9TmTcsEeuL2MW_vwUiXFS/view
12734;Roadsrone;N'Fera SU1;255;45;18;103;Y;$ 83,54;https://drive.google.com/file/d/1_FM0akckMZEb027OTWSPRqDhst8_aBe6/view, https://drive.google.com/file/d/14wLplRWsGf2kyt0cYQXdefX_nsmq6KXl/view, https://drive.google.com/file/d/1VlcZu7wzH1udcS01tdv7XyeAo-gUTDGy/view, https://drive.google.com/file/d/1cmDhFPTENyd9TmTcsEeuL2MW_vwUiXFS/view
12726;Roadsrone;N'Fera SU1;245;45;18;100;Y;$ 66,67;https://drive.google.com/file/d/1_FM0akckMZEb027OTWSPRqDhst8_aBe6/view, https://drive.google.com/file/d/14wLplRWsGf2kyt0cYQXdefX_nsmq6KXl/view, https://drive.google.com/file/d/1VlcZu7wzH1udcS01tdv7XyeAo-gUTDGy/view, https://drive.google.com/file/d/1cmDhFPTENyd9TmTcsEeuL2MW_vwUiXFS/view
14013;Roadsrone;N'Fera SU1;235;45;18;98;Y;$ 66,67;https://drive.google.com/file/d/1_FM0akckMZEb027OTWSPRqDhst8_aBe6/view, https://drive.google.com/file/d/14wLplRWsGf2kyt0cYQXdefX_nsmq6KXl/view, https://drive.google.com/file/d/1VlcZu7wzH1udcS01tdv7XyeAo-gUTDGy/view, https://drive.google.com/file/d/1cmDhFPTENyd9TmTcsEeuL2MW_vwUiXFS/view
12332;Roadsrone;N'Fera SU1;225;45;18;95;Y;$ 63,46;https://drive.google.com/file/d/1_FM0akckMZEb027OTWSPRqDhst8_aBe6/view, https://drive.google.com/file/d/14wLplRWsGf2kyt0cYQXdefX_nsmq6KXl/view, https://drive.google.com/file/d/1VlcZu7wzH1udcS01tdv7XyeAo-gUTDGy/view, https://drive.google.com/file/d/1cmDhFPTENyd9TmTcsEeuL2MW_vwUiXFS/view
17079;Roadsrone;N'Fera SU1;225;45;18;95;V;$ 61,45;https://drive.google.com/file/d/1_FM0akckMZEb027OTWSPRqDhst8_aBe6/view, https://drive.google.com/file/d/14wLplRWsGf2kyt0cYQXdefX_nsmq6KXl/view, https://drive.google.com/file/d/1VlcZu7wzH1udcS01tdv7XyeAo-gUTDGy/view, https://drive.google.com/file/d/1cmDhFPTENyd9TmTcsEeuL2MW_vwUiXFS/view
13418;Roadsrone;N'Fera SU1;245;45;17;99;Y;$ 63,46;https://drive.google.com/file/d/1_FM0akckMZEb027OTWSPRqDhst8_aBe6/view, https://drive.google.com/file/d/14wLplRWsGf2kyt0cYQXdefX_nsmq6KXl/view, https://drive.google.com/file/d/1VlcZu7wzH1udcS01tdv7XyeAo-gUTDGy/view, https://drive.google.com/file/d/1cmDhFPTENyd9TmTcsEeuL2MW_vwUiXFS/view
12300;Roadsrone;N'Fera SU1;225;45;17;94;Y;$ 40,97;https://drive.google.com/file/d/1_FM0akckMZEb027OTWSPRqDhst8_aBe6/view, https://drive.google.com/file/d/14wLplRWsGf2kyt0cYQXdefX_nsmq6KXl/view, https://drive.google.com/file/d/1VlcZu7wzH1udcS01tdv7XyeAo-gUTDGy/view, https://drive.google.com/file/d/1cmDhFPTENyd9TmTcsEeuL2MW_vwUiXFS/view
12351;Roadsrone;N'Fera SU1;215;45;17;91;W;$ 45,78;https://drive.google.com/file/d/1_FM0akckMZEb027OTWSPRqDhst8_aBe6/view, https://drive.google.com/file/d/14wLplRWsGf2kyt0cYQXdefX_nsmq6KXl/view, https://drive.google.com/file/d/1VlcZu7wzH1udcS01tdv7XyeAo-gUTDGy/view, https://drive.google.com/file/d/1cmDhFPTENyd9TmTcsEeuL2MW_vwUiXFS/view
12344;Roadsrone;N'Fera SU1;245;50;18;104;W;$ 78,32;https://drive.google.com/file/d/1_FM0akckMZEb027OTWSPRqDhst8_aBe6/view, https://drive.google.com/file/d/14wLplRWsGf2kyt0cYQXdefX_nsmq6KXl/view, https://drive.google.com/file/d/1VlcZu7wzH1udcS01tdv7XyeAo-gUTDGy/view, https://drive.google.com/file/d/1cmDhFPTENyd9TmTcsEeuL2MW_vwUiXFS/view
14024;Roadsrone;N'Fera SU1;235;50;18;101;W;$ 71,89;https://drive.google.com/file/d/1_FM0akckMZEb027OTWSPRqDhst8_aBe6/view, https://drive.google.com/file/d/14wLplRWsGf2kyt0cYQXdefX_nsmq6KXl/view, https://drive.google.com/file/d/1VlcZu7wzH1udcS01tdv7XyeAo-gUTDGy/view, https://drive.google.com/file/d/1cmDhFPTENyd9TmTcsEeuL2MW_vwUiXFS/view
14889;Roadsrone;N'Fera SU1;225;50;17;98;W;$ 56,63;https://drive.google.com/file/d/1_FM0akckMZEb027OTWSPRqDhst8_aBe6/view, https://drive.google.com/file/d/14wLplRWsGf2kyt0cYQXdefX_nsmq6KXl/view, https://drive.google.com/file/d/1VlcZu7wzH1udcS01tdv7XyeAo-gUTDGy/view, https://drive.google.com/file/d/1cmDhFPTENyd9TmTcsEeuL2MW_vwUiXFS/view
12330;Roadsrone;N'Fera SU1;215;50;17;95;W;$ 53,42;https://drive.google.com/file/d/1_FM0akckMZEb027OTWSPRqDhst8_aBe6/view, https://drive.google.com/file/d/14wLplRWsGf2kyt0cYQXdefX_nsmq6KXl/view, https://drive.google.com/file/d/1VlcZu7wzH1udcS01tdv7XyeAo-gUTDGy/view, https://drive.google.com/file/d/1cmDhFPTENyd9TmTcsEeuL2MW_vwUiXFS/view
12721;Roadsrone;N'Fera SU1;235;55;18;104;W;$ 66,67;https://drive.google.com/file/d/1_FM0akckMZEb027OTWSPRqDhst8_aBe6/view, https://drive.google.com/file/d/14wLplRWsGf2kyt0cYQXdefX_nsmq6KXl/view, https://drive.google.com/file/d/1VlcZu7wzH1udcS01tdv7XyeAo-gUTDGy/view, https://drive.google.com/file/d/1cmDhFPTENyd9TmTcsEeuL2MW_vwUiXFS/view
13527;Roadsrone;N'Fera SU1;235;55;17;103;W;$ 64,66;https://drive.google.com/file/d/1_FM0akckMZEb027OTWSPRqDhst8_aBe6/view, https://drive.google.com/file/d/14wLplRWsGf2kyt0cYQXdefX_nsmq6KXl/view, https://drive.google.com/file/d/1VlcZu7wzH1udcS01tdv7XyeAo-gUTDGy/view, https://drive.google.com/file/d/1cmDhFPTENyd9TmTcsEeuL2MW_vwUiXFS/view
13526;Roadsrone;N'Fera SU1;225;55;17;101;W;$ 56,63;https://drive.google.com/file/d/1_FM0akckMZEb027OTWSPRqDhst8_aBe6/view, https://drive.google.com/file/d/14wLplRWsGf2kyt0cYQXdefX_nsmq6KXl/view, https://drive.google.com/file/d/1VlcZu7wzH1udcS01tdv7XyeAo-gUTDGy/view, https://drive.google.com/file/d/1cmDhFPTENyd9TmTcsEeuL2MW_vwUiXFS/view
12353;Roadsrone;N'Fera SU1;215;55;17;98;W;$ 57,03;https://drive.google.com/file/d/1_FM0akckMZEb027OTWSPRqDhst8_aBe6/view, https://drive.google.com/file/d/14wLplRWsGf2kyt0cYQXdefX_nsmq6KXl/view, https://drive.google.com/file/d/1VlcZu7wzH1udcS01tdv7XyeAo-gUTDGy/view, https://drive.google.com/file/d/1cmDhFPTENyd9TmTcsEeuL2MW_vwUiXFS/view
12718;Roadsrone;N'Fera SU1;225;55;16;95;W;$ 49,80;https://drive.google.com/file/d/1_FM0akckMZEb027OTWSPRqDhst8_aBe6/view, https://drive.google.com/file/d/14wLplRWsGf2kyt0cYQXdefX_nsmq6KXl/view, https://drive.google.com/file/d/1VlcZu7wzH1udcS01tdv7XyeAo-gUTDGy/view, https://drive.google.com/file/d/1cmDhFPTENyd9TmTcsEeuL2MW_vwUiXFS/view
17908;Roadsrone;N'Fera SU1;215;55;16;97;W;$ 46,59;https://drive.google.com/file/d/1_FM0akckMZEb027OTWSPRqDhst8_aBe6/view, https://drive.google.com/file/d/14wLplRWsGf2kyt0cYQXdefX_nsmq6KXl/view, https://drive.google.com/file/d/1VlcZu7wzH1udcS01tdv7XyeAo-gUTDGy/view, https://drive.google.com/file/d/1cmDhFPTENyd9TmTcsEeuL2MW_vwUiXFS/view
14770;Roadsrone;N'Fera SU1;205;55;16;94;W;$ 36,55;https://drive.google.com/file/d/1_FM0akckMZEb027OTWSPRqDhst8_aBe6/view, https://drive.google.com/file/d/14wLplRWsGf2kyt0cYQXdefX_nsmq6KXl/view, https://drive.google.com/file/d/1VlcZu7wzH1udcS01tdv7XyeAo-gUTDGy/view, https://drive.google.com/file/d/1cmDhFPTENyd9TmTcsEeuL2MW_vwUiXFS/view
10846;Roadsrone;ROADIAN A/T;205;70;15;104/102;T;$ 40,45;https://drive.google.com/drive/folders/1bxFIbCoVFjAiyjPm3AxRUR1euB72dP2s, https://drive.google.com/file/d/1Z8knpzMODCkCWCnuMvvqn4AGOZwhBw9P/view, https://drive.google.com/file/d/16x-lESGZb-O9-C_rVGqXearFo2BQRo1d/view
15064;Roadsrone;ROADIAN CT8;225;70;15;112/110;R;$ 48,17;https://drive.google.com/file/d/1ChAIe7ug9B0HOFDH-BHj-oIqM6_rpNP4/view, https://drive.google.com/file/d/15LEXI1WMy6L0_oXa-UDujXldbxlSZS6k/view, https://drive.google.com/file/d/1vJQYw4mL_QCdP8-LtU4P4MdJiM3KF83G/view, https://drive.google.com/file/d/19i3czfjCpJNg-PsJYLiu2T3b4HnuSQ_y/view
15063;Roadsrone;ROADIAN CT8;205;70;15;104/102;T;$ 42,56;https://drive.google.com/file/d/1ChAIe7ug9B0HOFDH-BHj-oIqM6_rpNP4/view, https://drive.google.com/file/d/15LEXI1WMy6L0_oXa-UDujXldbxlSZS6k/view, https://drive.google.com/file/d/1vJQYw4mL_QCdP8-LtU4P4MdJiM3KF83G/view, https://drive.google.com/file/d/19i3czfjCpJNg-PsJYLiu2T3b4HnuSQ_y/view
15065;Roadsrone;ROADIAN CT8;205;70;16;110/108;S;$ 53,08;https://drive.google.com/file/d/1ChAIe7ug9B0HOFDH-BHj-oIqM6_rpNP4/view, https://drive.google.com/file/d/15LEXI1WMy6L0_oXa-UDujXldbxlSZS6k/view, https://drive.google.com/file/d/1vJQYw4mL_QCdP8-LtU4P4MdJiM3KF83G/view, https://drive.google.com/file/d/19i3czfjCpJNg-PsJYLiu2T3b4HnuSQ_y/view
14506;Roadsrone;ROADIAN CT8;195;70;15;106/104;R;$ 48,90;https://drive.google.com/file/d/1ChAIe7ug9B0HOFDH-BHj-oIqM6_rpNP4/view, https://drive.google.com/file/d/15LEXI1WMy6L0_oXa-UDujXldbxlSZS6k/view, https://drive.google.com/file/d/1vJQYw4mL_QCdP8-LtU4P4MdJiM3KF83G/view, https://drive.google.com/file/d/19i3czfjCpJNg-PsJYLiu2T3b4HnuSQ_y/view
16050;Roadsrone;ROADIAN CT8;195;70;14;106/104;R;$ 44,40;https://drive.google.com/file/d/1ChAIe7ug9B0HOFDH-BHj-oIqM6_rpNP4/view, https://drive.google.com/file/d/15LEXI1WMy6L0_oXa-UDujXldbxlSZS6k/view, https://drive.google.com/file/d/1vJQYw4mL_QCdP8-LtU4P4MdJiM3KF83G/view, https://drive.google.com/file/d/19i3czfjCpJNg-PsJYLiu2T3b4HnuSQ_y/view
14502;Roadsrone;ROADIAN CT8;185;70;14;102/100;T;$ 39,93;https://drive.google.com/file/d/1ChAIe7ug9B0HOFDH-BHj-oIqM6_rpNP4/view, https://drive.google.com/file/d/15LEXI1WMy6L0_oXa-UDujXldbxlSZS6k/view, https://drive.google.com/file/d/1vJQYw4mL_QCdP8-LtU4P4MdJiM3KF83G/view, https://drive.google.com/file/d/19i3czfjCpJNg-PsJYLiu2T3b4HnuSQ_y/view
15472;Roadsrone;ROADIAN HP;285;35;22;106;V;$ 123,88;https://drive.google.com/file/d/1vITCETKFVs4CkmGtaeDwMBlRAQ5i82VX/view, https://drive.google.com/file/d/1YAJf7iPzjspysfkxuJsxOEbewj0HbKo5/view, https://drive.google.com/file/d/1z1ZCLs_WtXQ19DVCW2ZPJfKvaxL1Q9PU/view, https://drive.google.com/file/d/1IG_C1vsY5wqFtyeRScVMSQb-HInX9lRA/view
15456;Roadsrone;ROADIAN HP;265;35;22;102;V;$ 141,91;https://drive.google.com/file/d/1vITCETKFVs4CkmGtaeDwMBlRAQ5i82VX/view, https://drive.google.com/file/d/1YAJf7iPzjspysfkxuJsxOEbewj0HbKo5/view, https://drive.google.com/file/d/1z1ZCLs_WtXQ19DVCW2ZPJfKvaxL1Q9PU/view, https://drive.google.com/file/d/1IG_C1vsY5wqFtyeRScVMSQb-HInX9lRA/view
15466;Roadsrone;ROADIAN HP;285;45;22;114;V;$ 111,03;https://drive.google.com/file/d/1vITCETKFVs4CkmGtaeDwMBlRAQ5i82VX/view, https://drive.google.com/file/d/1YAJf7iPzjspysfkxuJsxOEbewj0HbKo5/view, https://drive.google.com/file/d/1z1ZCLs_WtXQ19DVCW2ZPJfKvaxL1Q9PU/view, https://drive.google.com/file/d/1IG_C1vsY5wqFtyeRScVMSQb-HInX9lRA/view
15459;Roadsrone;ROADIAN HP;295;45;20;114;V;$ 129,78;https://drive.google.com/file/d/1vITCETKFVs4CkmGtaeDwMBlRAQ5i82VX/view, https://drive.google.com/file/d/1YAJf7iPzjspysfkxuJsxOEbewj0HbKo5/view, https://drive.google.com/file/d/1z1ZCLs_WtXQ19DVCW2ZPJfKvaxL1Q9PU/view, https://drive.google.com/file/d/1IG_C1vsY5wqFtyeRScVMSQb-HInX9lRA/view
15468;Roadsrone;ROADIAN HP;265;45;20;108;V;$ 105,63;https://drive.google.com/file/d/1vITCETKFVs4CkmGtaeDwMBlRAQ5i82VX/view, https://drive.google.com/file/d/1YAJf7iPzjspysfkxuJsxOEbewj0HbKo5/view, https://drive.google.com/file/d/1z1ZCLs_WtXQ19DVCW2ZPJfKvaxL1Q9PU/view, https://drive.google.com/file/d/1IG_C1vsY5wqFtyeRScVMSQb-HInX9lRA/view
11009;Roadsrone;ROADIAN HP;285;45;19;111;V;$ 91,01;https://drive.google.com/file/d/1vITCETKFVs4CkmGtaeDwMBlRAQ5i82VX/view, https://drive.google.com/file/d/1YAJf7iPzjspysfkxuJsxOEbewj0HbKo5/view, https://drive.google.com/file/d/1z1ZCLs_WtXQ19DVCW2ZPJfKvaxL1Q9PU/view, https://drive.google.com/file/d/1IG_C1vsY5wqFtyeRScVMSQb-HInX9lRA/view
11004;Roadsrone;ROADIAN HP;235;60;16;100;V;$ 58,35;https://drive.google.com/file/d/1vITCETKFVs4CkmGtaeDwMBlRAQ5i82VX/view, https://drive.google.com/file/d/1YAJf7iPzjspysfkxuJsxOEbewj0HbKo5/view, https://drive.google.com/file/d/1z1ZCLs_WtXQ19DVCW2ZPJfKvaxL1Q9PU/view, https://drive.google.com/file/d/1IG_C1vsY5wqFtyeRScVMSQb-HInX9lRA/view
11576;Roadsrone;ROADIAN HP;255;65;17;114;H;$ 57,36;https://drive.google.com/file/d/1vITCETKFVs4CkmGtaeDwMBlRAQ5i82VX/view, https://drive.google.com/file/d/1YAJf7iPzjspysfkxuJsxOEbewj0HbKo5/view, https://drive.google.com/file/d/1z1ZCLs_WtXQ19DVCW2ZPJfKvaxL1Q9PU/view, https://drive.google.com/file/d/1IG_C1vsY5wqFtyeRScVMSQb-HInX9lRA/view
15465;Roadsrone;ROADIAN HP;235;65;17;108;V;$ 57,88;https://drive.google.com/file/d/1vITCETKFVs4CkmGtaeDwMBlRAQ5i82VX/view, https://drive.google.com/file/d/1YAJf7iPzjspysfkxuJsxOEbewj0HbKo5/view, https://drive.google.com/file/d/1z1ZCLs_WtXQ19DVCW2ZPJfKvaxL1Q9PU/view, https://drive.google.com/file/d/1IG_C1vsY5wqFtyeRScVMSQb-HInX9lRA/view
11575;Roadsrone;ROADIAN HP;215;65;16;102;H;$ 47,07;https://drive.google.com/file/d/1vITCETKFVs4CkmGtaeDwMBlRAQ5i82VX/view, https://drive.google.com/file/d/1YAJf7iPzjspysfkxuJsxOEbewj0HbKo5/view, https://drive.google.com/file/d/1z1ZCLs_WtXQ19DVCW2ZPJfKvaxL1Q9PU/view, https://drive.google.com/file/d/1IG_C1vsY5wqFtyeRScVMSQb-HInX9lRA/view
11008;Roadsrone;ROADIAN HT;245;60;18;104;H;$ 63,05;https://drive.google.com/file/d/1qMnnR3-BgAwlTMaQErZ4A_SlDW5BHTL7/view, https://drive.google.com/file/d/1XX7yiKSvrIiufe7OVCya0pKTWDV79BaE/view, https://drive.google.com/file/d/17ljesSrYBwTfA2IU3XyalgE8OZzSTKvz/view, https://drive.google.com/file/d/16Q0_F8ZAgj7SFDa8kKSBXXEbNkbvTmJa/view
11007;Roadsrone;ROADIAN HT;235;60;18;102;H;$ 64,66;https://drive.google.com/file/d/1qMnnR3-BgAwlTMaQErZ4A_SlDW5BHTL7/view, https://drive.google.com/file/d/1XX7yiKSvrIiufe7OVCya0pKTWDV79BaE/view, https://drive.google.com/file/d/17ljesSrYBwTfA2IU3XyalgE8OZzSTKvz/view, https://drive.google.com/file/d/16Q0_F8ZAgj7SFDa8kKSBXXEbNkbvTmJa/view
11113;Roadsrone;ROADIAN HT;265;65;17;110;S;$ 67,07;https://drive.google.com/file/d/1qMnnR3-BgAwlTMaQErZ4A_SlDW5BHTL7/view, https://drive.google.com/file/d/1XX7yiKSvrIiufe7OVCya0pKTWDV79BaE/view, https://drive.google.com/file/d/17ljesSrYBwTfA2IU3XyalgE8OZzSTKvz/view, https://drive.google.com/file/d/16Q0_F8ZAgj7SFDa8kKSBXXEbNkbvTmJa/view
14952;Roadsrone;ROADIAN HT;245;65;17;105;S;$ 55,59;https://drive.google.com/file/d/1qMnnR3-BgAwlTMaQErZ4A_SlDW5BHTL7/view, https://drive.google.com/file/d/1XX7yiKSvrIiufe7OVCya0pKTWDV79BaE/view, https://drive.google.com/file/d/17ljesSrYBwTfA2IU3XyalgE8OZzSTKvz/view, https://drive.google.com/file/d/16Q0_F8ZAgj7SFDa8kKSBXXEbNkbvTmJa/view
14859;Roadsrone;ROADIAN HT;235;65;17;103;S;$ 58,24;https://drive.google.com/file/d/1qMnnR3-BgAwlTMaQErZ4A_SlDW5BHTL7/view, https://drive.google.com/file/d/1XX7yiKSvrIiufe7OVCya0pKTWDV79BaE/view, https://drive.google.com/file/d/17ljesSrYBwTfA2IU3XyalgE8OZzSTKvz/view, https://drive.google.com/file/d/16Q0_F8ZAgj7SFDa8kKSBXXEbNkbvTmJa/view
11213;Roadsrone;ROADIAN HT;225;65;17;100;H;$ 49,80;https://drive.google.com/file/d/1qMnnR3-BgAwlTMaQErZ4A_SlDW5BHTL7/view, https://drive.google.com/file/d/1XX7yiKSvrIiufe7OVCya0pKTWDV79BaE/view, https://drive.google.com/file/d/17ljesSrYBwTfA2IU3XyalgE8OZzSTKvz/view, https://drive.google.com/file/d/16Q0_F8ZAgj7SFDa8kKSBXXEbNkbvTmJa/view
14857;Roadsrone;ROADIAN HT;265;70;16;112;S;$ 61,67;https://drive.google.com/file/d/1qMnnR3-BgAwlTMaQErZ4A_SlDW5BHTL7/view, https://drive.google.com/file/d/1XX7yiKSvrIiufe7OVCya0pKTWDV79BaE/view, https://drive.google.com/file/d/17ljesSrYBwTfA2IU3XyalgE8OZzSTKvz/view, https://drive.google.com/file/d/16Q0_F8ZAgj7SFDa8kKSBXXEbNkbvTmJa/view
14855;Roadsrone;ROADIAN HT;245;70;16;107;S;$ 57,83;https://drive.google.com/file/d/1qMnnR3-BgAwlTMaQErZ4A_SlDW5BHTL7/view, https://drive.google.com/file/d/1XX7yiKSvrIiufe7OVCya0pKTWDV79BaE/view, https://drive.google.com/file/d/17ljesSrYBwTfA2IU3XyalgE8OZzSTKvz/view, https://drive.google.com/file/d/16Q0_F8ZAgj7SFDa8kKSBXXEbNkbvTmJa/view
14854;Roadsrone;ROADIAN HT;235;70;16;104;S;$ 53,01;https://drive.google.com/file/d/1qMnnR3-BgAwlTMaQErZ4A_SlDW5BHTL7/view, https://drive.google.com/file/d/1XX7yiKSvrIiufe7OVCya0pKTWDV79BaE/view, https://drive.google.com/file/d/17ljesSrYBwTfA2IU3XyalgE8OZzSTKvz/view, https://drive.google.com/file/d/16Q0_F8ZAgj7SFDa8kKSBXXEbNkbvTmJa/view
14553;Roadsrone;ROADIAN HT;225;75;16;104;S;$ 56,63;https://drive.google.com/file/d/1qMnnR3-BgAwlTMaQErZ4A_SlDW5BHTL7/view, https://drive.google.com/file/d/1XX7yiKSvrIiufe7OVCya0pKTWDV79BaE/view, https://drive.google.com/file/d/17ljesSrYBwTfA2IU3XyalgE8OZzSTKvz/view, https://drive.google.com/file/d/16Q0_F8ZAgj7SFDa8kKSBXXEbNkbvTmJa/view
11212;Roadsrone;ROADIAN HT;225;75;15;102;S;$ 48,60;https://drive.google.com/file/d/1qMnnR3-BgAwlTMaQErZ4A_SlDW5BHTL7/view, https://drive.google.com/file/d/1XX7yiKSvrIiufe7OVCya0pKTWDV79BaE/view, https://drive.google.com/file/d/17ljesSrYBwTfA2IU3XyalgE8OZzSTKvz/view, https://drive.google.com/file/d/16Q0_F8ZAgj7SFDa8kKSBXXEbNkbvTmJa/view
14546;Roadsrone;ROADIAN HT;215;75;15;100;S;$ 44,58;https://drive.google.com/file/d/1qMnnR3-BgAwlTMaQErZ4A_SlDW5BHTL7/view, https://drive.google.com/file/d/1XX7yiKSvrIiufe7OVCya0pKTWDV79BaE/view, https://drive.google.com/file/d/17ljesSrYBwTfA2IU3XyalgE8OZzSTKvz/view, https://drive.google.com/file/d/16Q0_F8ZAgj7SFDa8kKSBXXEbNkbvTmJa/view
14007;Roadsrone;ROADIAN HTX RH5;31;10,5;15;109;S;$ 68,75;https://drive.google.com/file/d/17VXHz0lqfP7BpIf_6tx1jiQBWq_PfHtW/view, https://drive.google.com/file/d/167LgckGm8XizIjAeY1pAcyebljh8pyRV/view, https://drive.google.com/file/d/1-rbZPsbp-0M-slj6tKlGOjHp-CoBIbeX/view, https://drive.google.com/file/d/10hNHwaAXknKxl2_zlKuKPafLZIlnnR4m/view
13145;Roadsrone;ROADIAN HTX RH5;275;55;20;113;T;$ 85,14;https://drive.google.com/file/d/17VXHz0lqfP7BpIf_6tx1jiQBWq_PfHtW/view, https://drive.google.com/file/d/167LgckGm8XizIjAeY1pAcyebljh8pyRV/view, https://drive.google.com/file/d/1-rbZPsbp-0M-slj6tKlGOjHp-CoBIbeX/view, https://drive.google.com/file/d/10hNHwaAXknKxl2_zlKuKPafLZIlnnR4m/view
13372;Roadsrone;ROADIAN HTX RH5;235;55;18;104;V;$ 67,81;https://drive.google.com/file/d/17VXHz0lqfP7BpIf_6tx1jiQBWq_PfHtW/view, https://drive.google.com/file/d/167LgckGm8XizIjAeY1pAcyebljh8pyRV/view, https://drive.google.com/file/d/1-rbZPsbp-0M-slj6tKlGOjHp-CoBIbeX/view, https://drive.google.com/file/d/10hNHwaAXknKxl2_zlKuKPafLZIlnnR4m/view
13144;Roadsrone;ROADIAN HTX RH5;275;60;20;115;S;$ 91,57;https://drive.google.com/file/d/17VXHz0lqfP7BpIf_6tx1jiQBWq_PfHtW/view, https://drive.google.com/file/d/167LgckGm8XizIjAeY1pAcyebljh8pyRV/view, https://drive.google.com/file/d/1-rbZPsbp-0M-slj6tKlGOjHp-CoBIbeX/view, https://drive.google.com/file/d/10hNHwaAXknKxl2_zlKuKPafLZIlnnR4m/view
14327;Roadsrone;ROADIAN HTX RH5;255;60;19;109;H;$ 67,58;https://drive.google.com/file/d/17VXHz0lqfP7BpIf_6tx1jiQBWq_PfHtW/view, https://drive.google.com/file/d/167LgckGm8XizIjAeY1pAcyebljh8pyRV/view, https://drive.google.com/file/d/1-rbZPsbp-0M-slj6tKlGOjHp-CoBIbeX/view, https://drive.google.com/file/d/10hNHwaAXknKxl2_zlKuKPafLZIlnnR4m/view
13667;Roadsrone;ROADIAN HTX RH5;285;60;18;116;V;$ 87,15;https://drive.google.com/file/d/17VXHz0lqfP7BpIf_6tx1jiQBWq_PfHtW/view, https://drive.google.com/file/d/167LgckGm8XizIjAeY1pAcyebljh8pyRV/view, https://drive.google.com/file/d/1-rbZPsbp-0M-slj6tKlGOjHp-CoBIbeX/view, https://drive.google.com/file/d/10hNHwaAXknKxl2_zlKuKPafLZIlnnR4m/view
13147;Roadsrone;ROADIAN HTX RH5;265;60;18;110;H;$ 78,32;https://drive.google.com/file/d/17VXHz0lqfP7BpIf_6tx1jiQBWq_PfHtW/view, https://drive.google.com/file/d/167LgckGm8XizIjAeY1pAcyebljh8pyRV/view, https://drive.google.com/file/d/1-rbZPsbp-0M-slj6tKlGOjHp-CoBIbeX/view, https://drive.google.com/file/d/10hNHwaAXknKxl2_zlKuKPafLZIlnnR4m/view
13140;Roadsrone;ROADIAN HTX RH5;245;60;18;105;H;$ 63,05;https://drive.google.com/file/d/17VXHz0lqfP7BpIf_6tx1jiQBWq_PfHtW/view, https://drive.google.com/file/d/167LgckGm8XizIjAeY1pAcyebljh8pyRV/view, https://drive.google.com/file/d/1-rbZPsbp-0M-slj6tKlGOjHp-CoBIbeX/view, https://drive.google.com/file/d/10hNHwaAXknKxl2_zlKuKPafLZIlnnR4m/view
13136;Roadsrone;ROADIAN HTX RH5;235;60;18;103;V;$ 64,66;https://drive.google.com/file/d/17VXHz0lqfP7BpIf_6tx1jiQBWq_PfHtW/view, https://drive.google.com/file/d/167LgckGm8XizIjAeY1pAcyebljh8pyRV/view, https://drive.google.com/file/d/1-rbZPsbp-0M-slj6tKlGOjHp-CoBIbeX/view, https://drive.google.com/file/d/10hNHwaAXknKxl2_zlKuKPafLZIlnnR4m/view
14680;Roadsrone;ROADIAN HTX RH5;235;60;17;102;V;$ 58,45;https://drive.google.com/file/d/17VXHz0lqfP7BpIf_6tx1jiQBWq_PfHtW/view, https://drive.google.com/file/d/167LgckGm8XizIjAeY1pAcyebljh8pyRV/view, https://drive.google.com/file/d/1-rbZPsbp-0M-slj6tKlGOjHp-CoBIbeX/view, https://drive.google.com/file/d/10hNHwaAXknKxl2_zlKuKPafLZIlnnR4m/view
14684;Roadsrone;ROADIAN HTX RH5;225;60;17;99;V;$ 53,75;https://drive.google.com/file/d/17VXHz0lqfP7BpIf_6tx1jiQBWq_PfHtW/view, https://drive.google.com/file/d/167LgckGm8XizIjAeY1pAcyebljh8pyRV/view, https://drive.google.com/file/d/1-rbZPsbp-0M-slj6tKlGOjHp-CoBIbeX/view, https://drive.google.com/file/d/10hNHwaAXknKxl2_zlKuKPafLZIlnnR4m/view
11720;Roadsrone;ROADIAN HTX RH5;275;65;18;116;T;$ 73,50;https://drive.google.com/file/d/17VXHz0lqfP7BpIf_6tx1jiQBWq_PfHtW/view, https://drive.google.com/file/d/167LgckGm8XizIjAeY1pAcyebljh8pyRV/view, https://drive.google.com/file/d/1-rbZPsbp-0M-slj6tKlGOjHp-CoBIbeX/view, https://drive.google.com/file/d/10hNHwaAXknKxl2_zlKuKPafLZIlnnR4m/view
13139;Roadsrone;ROADIAN HTX RH5;265;65;18;114;S;$ 75,91;https://drive.google.com/file/d/17VXHz0lqfP7BpIf_6tx1jiQBWq_PfHtW/view, https://drive.google.com/file/d/167LgckGm8XizIjAeY1pAcyebljh8pyRV/view, https://drive.google.com/file/d/1-rbZPsbp-0M-slj6tKlGOjHp-CoBIbeX/view, https://drive.google.com/file/d/10hNHwaAXknKxl2_zlKuKPafLZIlnnR4m/view
14398;Roadsrone;ROADIAN HTX RH5;235;65;18;110;H;$ 55,02;https://drive.google.com/file/d/17VXHz0lqfP7BpIf_6tx1jiQBWq_PfHtW/view, https://drive.google.com/file/d/167LgckGm8XizIjAeY1pAcyebljh8pyRV/view, https://drive.google.com/file/d/1-rbZPsbp-0M-slj6tKlGOjHp-CoBIbeX/view, https://drive.google.com/file/d/10hNHwaAXknKxl2_zlKuKPafLZIlnnR4m/view
13669;Roadsrone;ROADIAN HTX RH5;285;65;17;116;S;$ 77,71;https://drive.google.com/file/d/17VXHz0lqfP7BpIf_6tx1jiQBWq_PfHtW/view, https://drive.google.com/file/d/167LgckGm8XizIjAeY1pAcyebljh8pyRV/view, https://drive.google.com/file/d/1-rbZPsbp-0M-slj6tKlGOjHp-CoBIbeX/view, https://drive.google.com/file/d/10hNHwaAXknKxl2_zlKuKPafLZIlnnR4m/view
13668;Roadsrone;ROADIAN HTX RH5;275;65;17;115;T;$ 64,46;https://drive.google.com/file/d/17VXHz0lqfP7BpIf_6tx1jiQBWq_PfHtW/view, https://drive.google.com/file/d/167LgckGm8XizIjAeY1pAcyebljh8pyRV/view, https://drive.google.com/file/d/1-rbZPsbp-0M-slj6tKlGOjHp-CoBIbeX/view, https://drive.google.com/file/d/10hNHwaAXknKxl2_zlKuKPafLZIlnnR4m/view
13141;Roadsrone;ROADIAN HTX RH5;265;65;17;112;H;$ 67,07;https://drive.google.com/file/d/17VXHz0lqfP7BpIf_6tx1jiQBWq_PfHtW/view, https://drive.google.com/file/d/167LgckGm8XizIjAeY1pAcyebljh8pyRV/view, https://drive.google.com/file/d/1-rbZPsbp-0M-slj6tKlGOjHp-CoBIbeX/view, https://drive.google.com/file/d/10hNHwaAXknKxl2_zlKuKPafLZIlnnR4m/view
13968;Roadsrone;ROADIAN HTX RH5;245;65;17;111;H;$ 57,76;https://drive.google.com/file/d/17VXHz0lqfP7BpIf_6tx1jiQBWq_PfHtW/view, https://drive.google.com/file/d/167LgckGm8XizIjAeY1pAcyebljh8pyRV/view, https://drive.google.com/file/d/1-rbZPsbp-0M-slj6tKlGOjHp-CoBIbeX/view, https://drive.google.com/file/d/10hNHwaAXknKxl2_zlKuKPafLZIlnnR4m/view
14399;Roadsrone;ROADIAN HTX RH5;235;65;17;108;H;$ 58,24;https://drive.google.com/file/d/17VXHz0lqfP7BpIf_6tx1jiQBWq_PfHtW/view, https://drive.google.com/file/d/167LgckGm8XizIjAeY1pAcyebljh8pyRV/view, https://drive.google.com/file/d/1-rbZPsbp-0M-slj6tKlGOjHp-CoBIbeX/view, https://drive.google.com/file/d/10hNHwaAXknKxl2_zlKuKPafLZIlnnR4m/view
13131;Roadsrone;ROADIAN HTX RH5;225;65;17;102;H;$ 49,80;https://drive.google.com/file/d/17VXHz0lqfP7BpIf_6tx1jiQBWq_PfHtW/view, https://drive.google.com/file/d/167LgckGm8XizIjAeY1pAcyebljh8pyRV/view, https://drive.google.com/file/d/1-rbZPsbp-0M-slj6tKlGOjHp-CoBIbeX/view, https://drive.google.com/file/d/10hNHwaAXknKxl2_zlKuKPafLZIlnnR4m/view
13670;Roadsrone;ROADIAN HTX RH5;265;70;18;116;S;$ 72,44;https://drive.google.com/file/d/17VXHz0lqfP7BpIf_6tx1jiQBWq_PfHtW/view, https://drive.google.com/file/d/167LgckGm8XizIjAeY1pAcyebljh8pyRV/view, https://drive.google.com/file/d/1-rbZPsbp-0M-slj6tKlGOjHp-CoBIbeX/view, https://drive.google.com/file/d/10hNHwaAXknKxl2_zlKuKPafLZIlnnR4m/view
13902;Roadsrone;ROADIAN HTX RH5;265;70;17;115;T;$ 78,27;https://drive.google.com/file/d/17VXHz0lqfP7BpIf_6tx1jiQBWq_PfHtW/view, https://drive.google.com/file/d/167LgckGm8XizIjAeY1pAcyebljh8pyRV/view, https://drive.google.com/file/d/1-rbZPsbp-0M-slj6tKlGOjHp-CoBIbeX/view, https://drive.google.com/file/d/10hNHwaAXknKxl2_zlKuKPafLZIlnnR4m/view
13963;Roadsrone;ROADIAN HTX RH5;245;70;17;110;T;$ 68,55;https://drive.google.com/file/d/17VXHz0lqfP7BpIf_6tx1jiQBWq_PfHtW/view, https://drive.google.com/file/d/167LgckGm8XizIjAeY1pAcyebljh8pyRV/view, https://drive.google.com/file/d/1-rbZPsbp-0M-slj6tKlGOjHp-CoBIbeX/view, https://drive.google.com/file/d/10hNHwaAXknKxl2_zlKuKPafLZIlnnR4m/view
13970;Roadsrone;ROADIAN HTX RH5;275;70;16;114;S;$ 61,04;https://drive.google.com/file/d/17VXHz0lqfP7BpIf_6tx1jiQBWq_PfHtW/view, https://drive.google.com/file/d/167LgckGm8XizIjAeY1pAcyebljh8pyRV/view, https://drive.google.com/file/d/1-rbZPsbp-0M-slj6tKlGOjHp-CoBIbeX/view, https://drive.google.com/file/d/10hNHwaAXknKxl2_zlKuKPafLZIlnnR4m/view
13839;Roadsrone;ROADIAN HTX RH5;265;70;16;112;H;$ 61,67;https://drive.google.com/file/d/17VXHz0lqfP7BpIf_6tx1jiQBWq_PfHtW/view, https://drive.google.com/file/d/167LgckGm8XizIjAeY1pAcyebljh8pyRV/view, https://drive.google.com/file/d/1-rbZPsbp-0M-slj6tKlGOjHp-CoBIbeX/view, https://drive.google.com/file/d/10hNHwaAXknKxl2_zlKuKPafLZIlnnR4m/view
11714;Roadsrone;ROADIAN HTX RH5;255;70;16;111;S;$ 58,64;https://drive.google.com/file/d/17VXHz0lqfP7BpIf_6tx1jiQBWq_PfHtW/view, https://drive.google.com/file/d/167LgckGm8XizIjAeY1pAcyebljh8pyRV/view, https://drive.google.com/file/d/1-rbZPsbp-0M-slj6tKlGOjHp-CoBIbeX/view, https://drive.google.com/file/d/10hNHwaAXknKxl2_zlKuKPafLZIlnnR4m/view
14397;Roadsrone;ROADIAN HTX RH5;245;70;16;111;T;$ 57,83;https://drive.google.com/file/d/17VXHz0lqfP7BpIf_6tx1jiQBWq_PfHtW/view, https://drive.google.com/file/d/167LgckGm8XizIjAeY1pAcyebljh8pyRV/view, https://drive.google.com/file/d/1-rbZPsbp-0M-slj6tKlGOjHp-CoBIbeX/view, https://drive.google.com/file/d/10hNHwaAXknKxl2_zlKuKPafLZIlnnR4m/view
11725;Roadsrone;ROADIAN HTX RH5;235;70;16;106;T;$ 53,01;https://drive.google.com/file/d/17VXHz0lqfP7BpIf_6tx1jiQBWq_PfHtW/view, https://drive.google.com/file/d/167LgckGm8XizIjAeY1pAcyebljh8pyRV/view, https://drive.google.com/file/d/1-rbZPsbp-0M-slj6tKlGOjHp-CoBIbeX/view, https://drive.google.com/file/d/10hNHwaAXknKxl2_zlKuKPafLZIlnnR4m/view
12692;Roadsrone;ROADIAN HTX RH5;225;70;16;103;T;$ 49,00;https://drive.google.com/file/d/17VXHz0lqfP7BpIf_6tx1jiQBWq_PfHtW/view, https://drive.google.com/file/d/167LgckGm8XizIjAeY1pAcyebljh8pyRV/view, https://drive.google.com/file/d/1-rbZPsbp-0M-slj6tKlGOjHp-CoBIbeX/view, https://drive.google.com/file/d/10hNHwaAXknKxl2_zlKuKPafLZIlnnR4m/view
13132;Roadsrone;ROADIAN HTX RH5;265;70;15;112;S;$ 57,93;https://drive.google.com/file/d/17VXHz0lqfP7BpIf_6tx1jiQBWq_PfHtW/view, https://drive.google.com/file/d/167LgckGm8XizIjAeY1pAcyebljh8pyRV/view, https://drive.google.com/file/d/1-rbZPsbp-0M-slj6tKlGOjHp-CoBIbeX/view, https://drive.google.com/file/d/10hNHwaAXknKxl2_zlKuKPafLZIlnnR4m/view
13137;Roadsrone;ROADIAN HTX RH5;225;70;15;100;S;$ 49,80;https://drive.google.com/file/d/17VXHz0lqfP7BpIf_6tx1jiQBWq_PfHtW/view, https://drive.google.com/file/d/167LgckGm8XizIjAeY1pAcyebljh8pyRV/view, https://drive.google.com/file/d/1-rbZPsbp-0M-slj6tKlGOjHp-CoBIbeX/view, https://drive.google.com/file/d/10hNHwaAXknKxl2_zlKuKPafLZIlnnR4m/view
13127;Roadsrone;ROADIAN HTX RH5;265;75;16;116;T;$ 56,23;https://drive.google.com/file/d/17VXHz0lqfP7BpIf_6tx1jiQBWq_PfHtW/view, https://drive.google.com/file/d/167LgckGm8XizIjAeY1pAcyebljh8pyRV/view, https://drive.google.com/file/d/1-rbZPsbp-0M-slj6tKlGOjHp-CoBIbeX/view, https://drive.google.com/file/d/10hNHwaAXknKxl2_zlKuKPafLZIlnnR4m/view
11851;Roadsrone;ROADIAN HTX RH5;245;75;16;120/116;Q;$ 65,71;https://drive.google.com/file/d/17VXHz0lqfP7BpIf_6tx1jiQBWq_PfHtW/view, https://drive.google.com/file/d/167LgckGm8XizIjAeY1pAcyebljh8pyRV/view, https://drive.google.com/file/d/1-rbZPsbp-0M-slj6tKlGOjHp-CoBIbeX/view, https://drive.google.com/file/d/10hNHwaAXknKxl2_zlKuKPafLZIlnnR4m/view
13903;Roadsrone;ROADIAN HTX RH5;245;75;16;111;S;$ 59,43;https://drive.google.com/file/d/17VXHz0lqfP7BpIf_6tx1jiQBWq_PfHtW/view, https://drive.google.com/file/d/167LgckGm8XizIjAeY1pAcyebljh8pyRV/view, https://drive.google.com/file/d/1-rbZPsbp-0M-slj6tKlGOjHp-CoBIbeX/view, https://drive.google.com/file/d/10hNHwaAXknKxl2_zlKuKPafLZIlnnR4m/view
13128;Roadsrone;ROADIAN HTX RH5;235;75;15;109;S;$ 44,98;https://drive.google.com/file/d/17VXHz0lqfP7BpIf_6tx1jiQBWq_PfHtW/view, https://drive.google.com/file/d/167LgckGm8XizIjAeY1pAcyebljh8pyRV/view, https://drive.google.com/file/d/1-rbZPsbp-0M-slj6tKlGOjHp-CoBIbeX/view, https://drive.google.com/file/d/10hNHwaAXknKxl2_zlKuKPafLZIlnnR4m/view
11859;Roadsrone;ROADIAN HTX RH5;235;85;16;120/116;Q;$ 71,92;https://drive.google.com/file/d/17VXHz0lqfP7BpIf_6tx1jiQBWq_PfHtW/view, https://drive.google.com/file/d/167LgckGm8XizIjAeY1pAcyebljh8pyRV/view, https://drive.google.com/file/d/1-rbZPsbp-0M-slj6tKlGOjHp-CoBIbeX/view, https://drive.google.com/file/d/10hNHwaAXknKxl2_zlKuKPafLZIlnnR4m/view
10674;Roadsrone;ROADIAN MT;31;10,5;15;109;Q;$ 98,80;https://drive.google.com/file/d/1Ux4kgjYvBmo2Al3jb58I6Fdpu-F899Ev/view, https://drive.google.com/file/d/1gkGKoA-dR9eR264IUZ2I0jZhH3xyOMQO/view, https://drive.google.com/file/d/18mPSu_iRfn4k7O4Thp6Opqf1I4bUGH3g/view, https://drive.google.com/file/d/1pD-y2wpi5yZIPn-5lQWqUsoTNGXH8MBU/view
